method,steps,h,nfe,sample,label,rmse,max_pixel_error,label_correct,reference_resolution
Euler,1,1.0,1,0,0,0.4343211960572397,1.5036795735359192,True,1e-06
Euler,1,1.0,1,1,0,0.4608157391787312,1.725293219089508,True,1e-06
Euler,1,1.0,1,2,0,0.479988525866166,1.6180474758148193,True,1e-06
Euler,1,1.0,1,3,0,0.5667471455640293,1.9469648599624634,True,1e-06
Euler,1,1.0,1,4,0,0.40947435158030615,1.523032784461975,True,1e-06
Euler,1,1.0,1,5,0,0.49198081361438756,1.85326087474823,True,1.7500830152219005e-06
Euler,1,1.0,1,6,0,0.457890209604224,1.6573700308799744,True,1e-06
Euler,1,1.0,1,7,0,0.4420451758858178,1.5718806982040405,True,1e-06
Euler,1,1.0,1,8,0,0.5108533463763969,1.7883877754211426,True,1e-06
Euler,1,1.0,1,9,0,0.4867915361408388,1.605740487575531,True,1e-06
Euler,1,1.0,1,10,1,0.2676502765003741,1.6358023285865784,True,1e-06
Euler,1,1.0,1,11,1,0.2948443004327117,1.5929133296012878,True,1e-06
Euler,1,1.0,1,12,1,0.2804018677380244,1.449566125869751,True,1e-06
Euler,1,1.0,1,13,1,0.23386508267838188,1.3013510704040527,True,1e-06
Euler,1,1.0,1,14,1,0.28628082122763765,1.6681475639343262,True,1e-06
Euler,1,1.0,1,15,1,0.26877297263861394,1.6989386677742004,True,1.3317213891376878e-06
Euler,1,1.0,1,16,1,0.2955926060547127,1.726317286491394,True,1e-06
Euler,1,1.0,1,17,1,0.3569242005594186,1.8105116486549377,True,1e-06
Euler,1,1.0,1,18,1,0.31816238052232354,1.6146516799926758,True,1e-06
Euler,1,1.0,1,19,1,0.33802337257326526,1.762710452079773,True,1e-06
Euler,1,1.0,1,20,2,0.4743800247031776,1.631469488143921,True,1.0868335440780543e-06
Euler,1,1.0,1,21,2,0.48942557389672686,1.8346314430236816,True,1e-06
Euler,1,1.0,1,22,2,0.4053342097710095,1.4772052764892578,True,1e-06
Euler,1,1.0,1,23,2,0.40211471960186834,1.4552819728851318,True,1.2352563854491178e-06
Euler,1,1.0,1,24,2,0.3706022991373877,1.3844382762908936,True,1e-06
Euler,1,1.0,1,25,2,0.5420112237599561,1.8339520692825317,True,2.339793996620816e-06
Euler,1,1.0,1,26,2,0.5302588632478081,1.9086012244224548,True,1e-06
Euler,1,1.0,1,27,2,0.4842072341775143,1.7057435512542725,True,1e-06
Euler,1,1.0,1,28,2,0.44565496143309513,1.5067402124404907,True,2.1685488822251237e-06
Euler,1,1.0,1,29,2,0.48061504199110466,1.8103606700897217,True,1e-06
Euler,1,1.0,1,30,3,0.4207316224581886,1.6779550313949585,True,1.0251815674748809e-06
Euler,1,1.0,1,31,3,0.48660604181442274,1.9905774593353271,True,1.0058863599914548e-06
Euler,1,1.0,1,32,3,0.3908499308835299,1.7642384767532349,True,1e-06
Euler,1,1.0,1,33,3,0.48103827061303683,1.818261981010437,True,1.1038277689729205e-06
Euler,1,1.0,1,34,3,0.4796823977261049,1.889277458190918,True,1.2764821486052176e-06
Euler,1,1.0,1,35,3,0.4231949942089185,1.8692402839660645,True,2.024340481619809e-06
Euler,1,1.0,1,36,3,0.48033495481814487,1.6220980882644653,True,1e-06
Euler,1,1.0,1,37,3,0.5302925166554592,1.9304044842720032,True,1e-06
Euler,1,1.0,1,38,3,0.4737601797490098,1.8238019943237305,True,1.062211266275174e-06
Euler,1,1.0,1,39,3,0.45445055643974047,1.620202660560608,True,1e-06
Euler,1,1.0,1,40,4,0.4445532372422557,1.7973571419715881,True,1e-06
Euler,1,1.0,1,41,4,0.49504752207207897,1.8284478187561035,True,1e-06
Euler,1,1.0,1,42,4,0.4465868155064585,1.855911374092102,True,2.5928913806302533e-06
Euler,1,1.0,1,43,4,0.48798769008349263,1.8948535919189453,True,1e-06
Euler,1,1.0,1,44,4,0.40465406750496147,1.6468687653541565,True,1e-06
Euler,1,1.0,1,45,4,0.4826928081914463,1.981604814529419,True,1.672302531494149e-06
Euler,1,1.0,1,46,4,0.3466831562739495,1.5726302862167358,True,1e-06
Euler,1,1.0,1,47,4,0.4594521206891614,1.8155907988548279,True,1e-06
Euler,1,1.0,1,48,4,0.45955428956375904,1.6960524320602417,True,1e-06
Euler,1,1.0,1,49,4,0.42897169086594744,1.7744169235229492,True,1e-06
Euler,1,1.0,1,50,5,0.46880886156635326,1.6123639941215515,True,1.8178964562934237e-06
Euler,1,1.0,1,51,5,0.485540625241447,1.829430103302002,True,1e-06
Euler,1,1.0,1,52,5,0.42777226576942323,1.4916909337043762,True,1e-06
Euler,1,1.0,1,53,5,0.44707856440797006,1.5894904732704163,True,1e-06
Euler,1,1.0,1,54,5,0.4883951782740851,1.7502014636993408,True,1e-06
Euler,1,1.0,1,55,5,0.5112769514548898,1.8397802710533142,True,1e-06
Euler,1,1.0,1,56,5,0.5057564168659333,1.9091646075248718,True,1.4590741595977263e-06
Euler,1,1.0,1,57,5,0.5149443238505926,1.8765180110931396,True,1.2469731555051633e-06
Euler,1,1.0,1,58,5,0.5740343551396508,2.007510781288147,True,1e-06
Euler,1,1.0,1,59,5,0.49438308336869835,1.7424560189247131,True,2.5425618519701875e-06
Euler,1,1.0,1,60,6,0.44150173719440355,1.7652705311775208,True,1.7914387306596396e-06
Euler,1,1.0,1,61,6,0.5352134731920161,1.940826416015625,True,1e-06
Euler,1,1.0,1,62,6,0.42969825563612957,1.7839686274528503,True,1e-06
Euler,1,1.0,1,63,6,0.4635824922833349,1.79636812210083,True,1.2142100713690488e-06
Euler,1,1.0,1,64,6,0.45650015586365794,1.5903419256210327,True,1.059778896784065e-06
Euler,1,1.0,1,65,6,0.4368620253774425,1.65335214138031,True,1.0200925970424066e-06
Euler,1,1.0,1,66,6,0.44619837723837524,1.6762602925300598,True,1e-06
Euler,1,1.0,1,67,6,0.45647791250207215,1.6372233033180237,True,1e-06
Euler,1,1.0,1,68,6,0.45608469704849613,1.8198527097702026,True,1e-06
Euler,1,1.0,1,69,6,0.4169420738364969,1.6873820424079895,True,1e-06
Euler,1,1.0,1,70,7,0.4527485368442396,1.7909441590309143,True,1.002172487207418e-06
Euler,1,1.0,1,71,7,0.34665534909143625,1.5345227122306824,True,1.3019912601984357e-06
Euler,1,1.0,1,72,7,0.5069717598748824,1.8920202255249023,True,1e-06
Euler,1,1.0,1,73,7,0.5585142633743876,1.9581199288368225,True,1e-06
Euler,1,1.0,1,74,7,0.4050395565936005,1.9507462978363037,True,1e-06
Euler,1,1.0,1,75,7,0.47750063655128894,1.9539508819580078,True,1e-06
Euler,1,1.0,1,76,7,0.5265143552202532,1.9927513599395752,True,4.664503408117071e-06
Euler,1,1.0,1,77,7,0.31461171826345474,1.5501253008842468,True,1e-06
Euler,1,1.0,1,78,7,0.3834927469285871,1.7697193622589111,True,1e-06
Euler,1,1.0,1,79,7,0.3953702988988463,1.773303747177124,True,1e-06
Euler,1,1.0,1,80,8,0.4078717215251611,1.3954248428344727,True,1e-06
Euler,1,1.0,1,81,8,0.48568471484632203,1.7870559692382812,True,1e-06
Euler,1,1.0,1,82,8,0.42894791142145916,1.7189598083496094,True,1e-06
Euler,1,1.0,1,83,8,0.4473496003785096,1.4821743369102478,True,1e-06
Euler,1,1.0,1,84,8,0.5091268144581205,1.943280577659607,True,1.465383478007093e-06
Euler,1,1.0,1,85,8,0.6153535035264163,1.8793586492538452,True,2.273783090272719e-06
Euler,1,1.0,1,86,8,0.43256845054270626,1.5941640734672546,True,1e-06
Euler,1,1.0,1,87,8,0.5469038614975678,1.9781720638275146,True,1e-06
Euler,1,1.0,1,88,8,0.4152420678549547,1.4958444237709045,True,2.2396403043488253e-06
Euler,1,1.0,1,89,8,0.43125159307785405,1.6979013681411743,True,1.223397610678078e-06
Euler,1,1.0,1,90,9,0.326899763647293,1.3062021732330322,True,2.216658055858132e-06
Euler,1,1.0,1,91,9,0.46043253876374857,1.9610040783882141,True,1e-06
Euler,1,1.0,1,92,9,0.44640336349425086,1.6693627834320068,True,2.181670229268033e-06
Euler,1,1.0,1,93,9,0.3654807640004184,1.5476858019828796,True,1e-06
Euler,1,1.0,1,94,9,0.36459060441317737,1.481238842010498,True,1e-06
Euler,1,1.0,1,95,9,0.4592453405401631,1.86479914188385,True,1e-06
Euler,1,1.0,1,96,9,0.44012136393211015,1.9218181371688843,True,1.009288426726286e-06
Euler,1,1.0,1,97,9,0.38425485991722674,1.6537226438522339,True,1e-06
Euler,1,1.0,1,98,9,0.3827354858915364,1.8434056043624878,True,1e-06
Euler,1,1.0,1,99,9,0.40142486468415906,1.6288716197013855,True,1e-06
Euler,2,0.5,2,0,0,0.30465333552334944,1.8860676288604736,True,1e-06
Euler,2,0.5,2,1,0,0.2405041621007363,1.4410037994384766,True,1e-06
Euler,2,0.5,2,2,0,0.3996778764096283,1.935793399810791,True,1e-06
Euler,2,0.5,2,3,0,0.44635315484195714,1.979037880897522,True,1e-06
Euler,2,0.5,2,4,0,0.2100017681017296,1.1454350054264069,True,1e-06
Euler,2,0.5,2,5,0,0.4005933522899128,1.9532854557037354,True,1.7500830152219005e-06
Euler,2,0.5,2,6,0,0.3355282024635075,1.9011873602867126,True,1e-06
Euler,2,0.5,2,7,0,0.26368205563804475,1.4751383662223816,True,1e-06
Euler,2,0.5,2,8,0,0.40219165143046437,1.9046493768692017,True,1e-06
Euler,2,0.5,2,9,0,0.3577434221631401,1.71102637052536,True,1e-06
Euler,2,0.5,2,10,1,0.16487654515262173,1.2238405048847198,True,1e-06
Euler,2,0.5,2,11,1,0.2175359431099935,1.5365242958068848,True,1e-06
Euler,2,0.5,2,12,1,0.14324033243866655,1.2504853010177612,True,1e-06
Euler,2,0.5,2,13,1,0.09316073108763033,0.9177417457103729,True,1e-06
Euler,2,0.5,2,14,1,0.13203616854203606,1.3720192909240723,True,1e-06
Euler,2,0.5,2,15,1,0.14963681472721474,1.0127424895763397,True,1.3317213891376878e-06
Euler,2,0.5,2,16,1,0.17188441833376727,1.4448482692241669,True,1e-06
Euler,2,0.5,2,17,1,0.3749994927013699,1.9333980083465576,True,1e-06
Euler,2,0.5,2,18,1,0.159401704737586,1.248927354812622,True,1e-06
Euler,2,0.5,2,19,1,0.25648374228443305,1.8053066730499268,True,1e-06
Euler,2,0.5,2,20,2,0.3786136531728828,1.832975685596466,True,1.0868335440780543e-06
Euler,2,0.5,2,21,2,0.3479058790304144,1.8038444519042969,True,1e-06
Euler,2,0.5,2,22,2,0.2260658466891805,1.6920388340950012,True,1e-06
Euler,2,0.5,2,23,2,0.1726024276318175,1.1870872974395752,True,1.2352563854491178e-06
Euler,2,0.5,2,24,2,0.13055705542742524,0.8330208659172058,True,1e-06
Euler,2,0.5,2,25,2,0.4398995682647745,2.025478780269623,True,2.339793996620816e-06
Euler,2,0.5,2,26,2,0.4537254936144872,1.9886309504508972,True,1e-06
Euler,2,0.5,2,27,2,0.43068683200303126,2.007448136806488,True,1e-06
Euler,2,0.5,2,28,2,0.30469205836796176,1.705704927444458,True,2.1685488822251237e-06
Euler,2,0.5,2,29,2,0.28201514242285414,1.4719145894050598,True,1e-06
Euler,2,0.5,2,30,3,0.30461061468603096,1.82212632894516,True,1.0251815674748809e-06
Euler,2,0.5,2,31,3,0.4154086704528075,1.9205482602119446,True,1.0058863599914548e-06
Euler,2,0.5,2,32,3,0.2090767529220464,1.1553009748458862,True,1e-06
Euler,2,0.5,2,33,3,0.31213111535078053,1.6628809571266174,True,1.1038277689729205e-06
Euler,2,0.5,2,34,3,0.4347844558285764,1.9761080741882324,True,1.2764821486052176e-06
Euler,2,0.5,2,35,3,0.2556166508947704,1.8671834468841553,True,2.024340481619809e-06
Euler,2,0.5,2,36,3,0.243281464204837,1.3282500803470612,True,1e-06
Euler,2,0.5,2,37,3,0.44738195028541095,1.9693896174430847,True,1e-06
Euler,2,0.5,2,38,3,0.3971400374839423,1.9688007235527039,True,1.062211266275174e-06
Euler,2,0.5,2,39,3,0.3553372374971191,1.8565811514854431,True,1e-06
Euler,2,0.5,2,40,4,0.32068007608792637,1.5923587679862976,True,1e-06
Euler,2,0.5,2,41,4,0.417469898796126,1.9536086320877075,True,1e-06
Euler,2,0.5,2,42,4,0.3478551108459663,1.9768515825271606,True,2.5928913806302533e-06
Euler,2,0.5,2,43,4,0.42015401206118314,1.9060929417610168,True,1e-06
Euler,2,0.5,2,44,4,0.21021718116570312,1.363875687122345,True,1e-06
Euler,2,0.5,2,45,4,0.3812180558803046,2.007061719894409,True,1.672302531494149e-06
Euler,2,0.5,2,46,4,0.1758513759556677,1.2217693626880646,True,1e-06
Euler,2,0.5,2,47,4,0.333627968274527,1.8572430610656738,True,1e-06
Euler,2,0.5,2,48,4,0.29269744480713666,1.599144697189331,True,1e-06
Euler,2,0.5,2,49,4,0.2684012720619982,1.503168523311615,True,1e-06
Euler,2,0.5,2,50,5,0.4236376596117087,1.945347011089325,True,1.8178964562934237e-06
Euler,2,0.5,2,51,5,0.3295208109144736,1.737683892250061,True,1e-06
Euler,2,0.5,2,52,5,0.29597378397740826,1.7433685064315796,True,1e-06
Euler,2,0.5,2,53,5,0.27814085102887615,1.758078396320343,True,1e-06
Euler,2,0.5,2,54,5,0.30428277530944486,1.5870224833488464,True,1e-06
Euler,2,0.5,2,55,5,0.42223485505191244,1.9713636636734009,True,1e-06
Euler,2,0.5,2,56,5,0.38400556720553924,1.9181978702545166,True,1.4590741595977263e-06
Euler,2,0.5,2,57,5,0.3752221853599848,1.9556987285614014,True,1.2469731555051633e-06
Euler,2,0.5,2,58,5,0.4373713915103398,1.9079720377922058,True,1e-06
Euler,2,0.5,2,59,5,0.40426828938238785,1.9565434455871582,True,2.5425618519701875e-06
Euler,2,0.5,2,60,6,0.3428446772309022,1.89271742105484,True,1.7914387306596396e-06
Euler,2,0.5,2,61,6,0.4177496669616678,2.025772213935852,True,1e-06
Euler,2,0.5,2,62,6,0.34242155846778205,1.8911287188529968,True,1e-06
Euler,2,0.5,2,63,6,0.3257748088059242,1.9804471731185913,True,1.2142100713690488e-06
Euler,2,0.5,2,64,6,0.35821413911977323,1.7784700989723206,True,1.059778896784065e-06
Euler,2,0.5,2,65,6,0.2927690759613255,1.8406434059143066,True,1.0200925970424066e-06
Euler,2,0.5,2,66,6,0.29058953419378813,1.7129155397415161,True,1e-06
Euler,2,0.5,2,67,6,0.2729954042922589,1.4689351320266724,True,1e-06
Euler,2,0.5,2,68,6,0.33860863219897747,1.790411114692688,True,1e-06
Euler,2,0.5,2,69,6,0.2758342796036505,1.757365107536316,True,1e-06
Euler,2,0.5,2,70,7,0.338136138945642,1.9647101759910583,True,1.002172487207418e-06
Euler,2,0.5,2,71,7,0.1769810015791129,1.2710241675376892,True,1.3019912601984357e-06
Euler,2,0.5,2,72,7,0.4580576257246167,1.9968984723091125,True,1e-06
Euler,2,0.5,2,73,7,0.46670315483473535,2.0293647050857544,True,1e-06
Euler,2,0.5,2,74,7,0.2803841292832522,1.83942711353302,True,1e-06
Euler,2,0.5,2,75,7,0.3295281782980845,1.8321895599365234,True,1e-06
Euler,2,0.5,2,76,7,0.5463243722304189,2.058781385421753,True,4.664503408117071e-06
Euler,2,0.5,2,77,7,0.13347625443755934,1.020472675561905,True,1e-06
Euler,2,0.5,2,78,7,0.2630277662238894,1.8851719498634338,True,1e-06
Euler,2,0.5,2,79,7,0.2539660226693716,1.2930059134960175,True,1e-06
Euler,2,0.5,2,80,8,0.20307805076748184,1.1142875850200653,True,1e-06
Euler,2,0.5,2,81,8,0.27479802027270556,1.4543710350990295,True,1e-06
Euler,2,0.5,2,82,8,0.24972605084791408,1.7711325287818909,True,1e-06
Euler,2,0.5,2,83,8,0.2968289972340532,1.4627720713615417,True,1e-06
Euler,2,0.5,2,84,8,0.36564652647830886,1.6891698837280273,True,1.465383478007093e-06
Euler,2,0.5,2,85,8,0.5658790193309695,2.0216457843780518,True,2.273783090272719e-06
Euler,2,0.5,2,86,8,0.2220007008598799,1.1941111087799072,True,1e-06
Euler,2,0.5,2,87,8,0.4480970564741702,2.0356497168540955,True,1e-06
Euler,2,0.5,2,88,8,0.17188947319698977,0.8061788976192474,True,2.2396403043488253e-06
Euler,2,0.5,2,89,8,0.25546987220031786,1.7079326510429382,True,1.223397610678078e-06
Euler,2,0.5,2,90,9,0.13931823002891405,0.7801063805818558,True,2.216658055858132e-06
Euler,2,0.5,2,91,9,0.40522313295897305,1.9687213897705078,True,1e-06
Euler,2,0.5,2,92,9,0.2998568003118188,1.535947859287262,True,2.181670229268033e-06
Euler,2,0.5,2,93,9,0.17491104965283555,1.3827915787696838,True,1e-06
Euler,2,0.5,2,94,9,0.20056451144364967,1.2590392231941223,True,1e-06
Euler,2,0.5,2,95,9,0.3228882233273667,1.668259859085083,True,1e-06
Euler,2,0.5,2,96,9,0.25310103767243997,1.5257575511932373,True,1.009288426726286e-06
Euler,2,0.5,2,97,9,0.22062899463397848,1.3148587942123413,True,1e-06
Euler,2,0.5,2,98,9,0.19843882816921293,1.3801921606063843,True,1e-06
Euler,2,0.5,2,99,9,0.2617291738109428,1.6173203587532043,True,1e-06
Euler,3,0.3333333333333333,3,0,0,0.21934186966115518,1.445197880268097,True,1e-06
Euler,3,0.3333333333333333,3,1,0,0.19209745433882752,1.4089819192886353,True,1e-06
Euler,3,0.3333333333333333,3,2,0,0.34545784146812547,1.9356927871704102,True,1e-06
Euler,3,0.3333333333333333,3,3,0,0.3591038722836227,1.9095712900161743,True,1e-06
Euler,3,0.3333333333333333,3,4,0,0.1381866983327487,0.9113931953907013,True,1e-06
Euler,3,0.3333333333333333,3,5,0,0.3127101477236542,1.750630795955658,True,1.7500830152219005e-06
Euler,3,0.3333333333333333,3,6,0,0.2105667007881092,1.469770073890686,True,1e-06
Euler,3,0.3333333333333333,3,7,0,0.19822100807474355,1.3265524208545685,True,1e-06
Euler,3,0.3333333333333333,3,8,0,0.27700830911516083,1.8460253477096558,True,1e-06
Euler,3,0.3333333333333333,3,9,0,0.2591396032529733,1.6235278844833374,True,1e-06
Euler,3,0.3333333333333333,3,10,1,0.1278963497086531,1.3632137179374695,True,1e-06
Euler,3,0.3333333333333333,3,11,1,0.14627414125742313,1.0918340682983398,True,1e-06
Euler,3,0.3333333333333333,3,12,1,0.0911498746612521,0.8585120141506195,True,1e-06
Euler,3,0.3333333333333333,3,13,1,0.06092294896550845,0.594929575920105,True,1e-06
Euler,3,0.3333333333333333,3,14,1,0.08998394480199175,0.9864209890365601,True,1e-06
Euler,3,0.3333333333333333,3,15,1,0.09497459199687376,0.9350891709327698,True,1.3317213891376878e-06
Euler,3,0.3333333333333333,3,16,1,0.1243213279915819,1.3673348724842072,True,1e-06
Euler,3,0.3333333333333333,3,17,1,0.2788893448776657,1.8411417603492737,True,1e-06
Euler,3,0.3333333333333333,3,18,1,0.12382624531663719,1.2278002500534058,True,1e-06
Euler,3,0.3333333333333333,3,19,1,0.15794990558243557,1.3545523583889008,True,1e-06
Euler,3,0.3333333333333333,3,20,2,0.29723823682668116,1.6875872015953064,True,1.0868335440780543e-06
Euler,3,0.3333333333333333,3,21,2,0.2070211566338243,1.2951412796974182,True,1e-06
Euler,3,0.3333333333333333,3,22,2,0.1737903437078957,1.3830769062042236,True,1e-06
Euler,3,0.3333333333333333,3,23,2,0.11971387457662949,1.166598618030548,True,1.2352563854491178e-06
Euler,3,0.3333333333333333,3,24,2,0.07924751572480998,0.6236220300197601,True,1e-06
Euler,3,0.3333333333333333,3,25,2,0.29787436098746506,1.7661005854606628,True,2.339793996620816e-06
Euler,3,0.3333333333333333,3,26,2,0.33492099327111385,1.9112833142280579,True,1e-06
Euler,3,0.3333333333333333,3,27,2,0.37722238098253197,2.0173078179359436,True,1e-06
Euler,3,0.3333333333333333,3,28,2,0.221922423937847,1.7124667167663574,True,2.1685488822251237e-06
Euler,3,0.3333333333333333,3,29,2,0.20374446009198982,1.4274105429649353,True,1e-06
Euler,3,0.3333333333333333,3,30,3,0.23264467912475423,1.684516191482544,True,1.0251815674748809e-06
Euler,3,0.3333333333333333,3,31,3,0.31128805976454443,1.8051635026931763,True,1.0058863599914548e-06
Euler,3,0.3333333333333333,3,32,3,0.15040383664613793,0.9446731805801392,True,1e-06
Euler,3,0.3333333333333333,3,33,3,0.2129855901192432,1.254038691520691,True,1.1038277689729205e-06
Euler,3,0.3333333333333333,3,34,3,0.3935938711647282,1.965545892715454,True,1.2764821486052176e-06
Euler,3,0.3333333333333333,3,35,3,0.1994240553506306,1.7499808073043823,True,2.024340481619809e-06
Euler,3,0.3333333333333333,3,36,3,0.15378328448007975,1.0188339948654175,True,1e-06
Euler,3,0.3333333333333333,3,37,3,0.37181055710201977,1.8989132046699524,True,1e-06
Euler,3,0.3333333333333333,3,38,3,0.23532930993517506,1.401429295539856,True,1.062211266275174e-06
Euler,3,0.3333333333333333,3,39,3,0.26244545566614275,1.8968823552131653,True,1e-06
Euler,3,0.3333333333333333,3,40,4,0.19891883359774196,1.3235538601875305,True,1e-06
Euler,3,0.3333333333333333,3,41,4,0.3233980074938328,1.957105815410614,True,1e-06
Euler,3,0.3333333333333333,3,42,4,0.2892347673846522,1.9782794117927551,True,2.5928913806302533e-06
Euler,3,0.3333333333333333,3,43,4,0.2559087011291836,1.6278695464134216,True,1e-06
Euler,3,0.3333333333333333,3,44,4,0.13065375282326555,0.9475329369306564,True,1e-06
Euler,3,0.3333333333333333,3,45,4,0.21099987845791154,1.834291696548462,True,1.672302531494149e-06
Euler,3,0.3333333333333333,3,46,4,0.10441292847748729,0.7995457053184509,True,1e-06
Euler,3,0.3333333333333333,3,47,4,0.23859246904648482,1.6500860452651978,True,1e-06
Euler,3,0.3333333333333333,3,48,4,0.20778386463903897,1.3897913098335266,True,1e-06
Euler,3,0.3333333333333333,3,49,4,0.21760336527914487,1.6732538342475891,True,1e-06
Euler,3,0.3333333333333333,3,50,5,0.3880595675828127,1.9076526165008545,True,1.8178964562934237e-06
Euler,3,0.3333333333333333,3,51,5,0.1903090540164941,1.40230393409729,True,1e-06
Euler,3,0.3333333333333333,3,52,5,0.22300200261347808,1.7214086055755615,True,1e-06
Euler,3,0.3333333333333333,3,53,5,0.15662288107727856,1.2184017896652222,True,1e-06
Euler,3,0.3333333333333333,3,54,5,0.15387253266358672,1.4104642271995544,True,1e-06
Euler,3,0.3333333333333333,3,55,5,0.3282393608235693,1.9725242853164673,True,1e-06
Euler,3,0.3333333333333333,3,56,5,0.3062641738199803,1.7074134945869446,True,1.4590741595977263e-06
Euler,3,0.3333333333333333,3,57,5,0.24467373643509843,1.601067841053009,True,1.2469731555051633e-06
Euler,3,0.3333333333333333,3,58,5,0.2892292778099803,1.8104174733161926,True,1e-06
Euler,3,0.3333333333333333,3,59,5,0.3517957938720865,1.960053563117981,True,2.5425618519701875e-06
Euler,3,0.3333333333333333,3,60,6,0.2732499939262399,1.686878263950348,True,1.7914387306596396e-06
Euler,3,0.3333333333333333,3,61,6,0.31341522736472677,1.969179630279541,True,1e-06
Euler,3,0.3333333333333333,3,62,6,0.3344125587245621,1.9547601342201233,True,1e-06
Euler,3,0.3333333333333333,3,63,6,0.22530419485125833,1.7959892749786377,True,1.2142100713690488e-06
Euler,3,0.3333333333333333,3,64,6,0.25704452842653136,1.5782018899917603,True,1.059778896784065e-06
Euler,3,0.3333333333333333,3,65,6,0.1875281523564279,1.6110620498657227,True,1.0200925970424066e-06
Euler,3,0.3333333333333333,3,66,6,0.20582984890743936,1.5417863130569458,True,1e-06
Euler,3,0.3333333333333333,3,67,6,0.17334021017669113,1.0505634546279907,True,1e-06
Euler,3,0.3333333333333333,3,68,6,0.22730441278277966,1.804720401763916,True,1e-06
Euler,3,0.3333333333333333,3,69,6,0.1958222225147046,1.8035119771957397,True,1e-06
Euler,3,0.3333333333333333,3,70,7,0.2661121861972728,1.9587215781211853,True,1.002172487207418e-06
Euler,3,0.3333333333333333,3,71,7,0.1278955112636864,1.2115021646022797,True,1.3019912601984357e-06
Euler,3,0.3333333333333333,3,72,7,0.29102723265902974,1.899989664554596,True,1e-06
Euler,3,0.3333333333333333,3,73,7,0.29725352124251764,1.8392000198364258,True,1e-06
Euler,3,0.3333333333333333,3,74,7,0.18017329208133903,1.430749773979187,True,1e-06
Euler,3,0.3333333333333333,3,75,7,0.25758557530992443,1.8800730109214783,True,1e-06
Euler,3,0.3333333333333333,3,76,7,0.5334482559422594,2.0289430618286133,True,4.664503408117071e-06
Euler,3,0.3333333333333333,3,77,7,0.09872682257281445,0.8966408967971802,True,1e-06
Euler,3,0.3333333333333333,3,78,7,0.19493412496814738,1.827647864818573,True,1e-06
Euler,3,0.3333333333333333,3,79,7,0.16785862930345316,1.0250437259674072,True,1e-06
Euler,3,0.3333333333333333,3,80,8,0.12467212176511613,0.8369856774806976,True,1e-06
Euler,3,0.3333333333333333,3,81,8,0.1467429449532382,1.1938428282737732,True,1e-06
Euler,3,0.3333333333333333,3,82,8,0.17812720380310598,1.71042001247406,True,1e-06
Euler,3,0.3333333333333333,3,83,8,0.24509569575535434,1.553071141242981,True,1e-06
Euler,3,0.3333333333333333,3,84,8,0.27251681750434903,1.6674582362174988,True,1.465383478007093e-06
Euler,3,0.3333333333333333,3,85,8,0.4718435755709651,1.9987377524375916,True,2.273783090272719e-06
Euler,3,0.3333333333333333,3,86,8,0.13027032994195012,0.8969879150390625,True,1e-06
Euler,3,0.3333333333333333,3,87,8,0.38275330309405414,2.011769950389862,True,1e-06
Euler,3,0.3333333333333333,3,88,8,0.094133605404516,0.5368144512176514,True,2.2396403043488253e-06
Euler,3,0.3333333333333333,3,89,8,0.17956458586272483,1.3894497156143188,True,1.223397610678078e-06
Euler,3,0.3333333333333333,3,90,9,0.08964195971740263,0.6585461497306824,True,2.216658055858132e-06
Euler,3,0.3333333333333333,3,91,9,0.28881015700361395,1.8034860491752625,False,1e-06
Euler,3,0.3333333333333333,3,92,9,0.24539644847319167,1.644639492034912,True,2.181670229268033e-06
Euler,3,0.3333333333333333,3,93,9,0.12476999289258733,1.264400154352188,True,1e-06
Euler,3,0.3333333333333333,3,94,9,0.16118968653561302,1.4372608661651611,True,1e-06
Euler,3,0.3333333333333333,3,95,9,0.1958867128347397,1.3329795002937317,True,1e-06
Euler,3,0.3333333333333333,3,96,9,0.15644105283827797,1.1410383582115173,True,1.009288426726286e-06
Euler,3,0.3333333333333333,3,97,9,0.14004656313435201,1.0100128054618835,True,1e-06
Euler,3,0.3333333333333333,3,98,9,0.1281047254124428,0.966145932674408,True,1e-06
Euler,3,0.3333333333333333,3,99,9,0.18475036691198105,1.38089120388031,True,1e-06
Euler,5,0.2,5,0,0,0.1265167282406596,0.973732978105545,True,1e-06
Euler,5,0.2,5,1,0,0.11285682749813208,1.1470538079738617,True,1e-06
Euler,5,0.2,5,2,0,0.26161635157603375,1.9063045382499695,True,1e-06
Euler,5,0.2,5,3,0,0.21930081249267835,1.6989554166793823,True,1e-06
Euler,5,0.2,5,4,0,0.08268007966746778,0.5985199511051178,True,1e-06
Euler,5,0.2,5,5,0,0.19764363014025643,1.1417669653892517,True,1.7500830152219005e-06
Euler,5,0.2,5,6,0,0.12610322514613992,0.9952223747968674,True,1e-06
Euler,5,0.2,5,7,0,0.13602841061028195,1.0482140332460403,True,1e-06
Euler,5,0.2,5,8,0,0.17099773290438466,1.3564110398292542,True,1e-06
Euler,5,0.2,5,9,0,0.1689729574062962,1.1655104458332062,True,1e-06
Euler,5,0.2,5,10,1,0.08040839298988592,0.8090147823095322,True,1e-06
Euler,5,0.2,5,11,1,0.08656937845004829,0.6743528991937637,True,1e-06
Euler,5,0.2,5,12,1,0.05888885857439435,0.6290618181228638,True,1e-06
Euler,5,0.2,5,13,1,0.03259347797161613,0.3325943946838379,True,1e-06
Euler,5,0.2,5,14,1,0.05496014086134117,0.7020223885774612,True,1e-06
Euler,5,0.2,5,15,1,0.05506867818396045,0.5274447202682495,True,1.3317213891376878e-06
Euler,5,0.2,5,16,1,0.09247806605924465,0.9031317830085754,True,1e-06
Euler,5,0.2,5,17,1,0.09781187539242084,1.1700764894485474,True,1e-06
Euler,5,0.2,5,18,1,0.07666265066885337,0.8962075114250183,True,1e-06
Euler,5,0.2,5,19,1,0.0870633985614145,0.7973325252532959,True,1e-06
Euler,5,0.2,5,20,2,0.2380466518912168,1.9133872389793396,True,1.0868335440780543e-06
Euler,5,0.2,5,21,2,0.1134377197234355,0.7849170714616776,True,1e-06
Euler,5,0.2,5,22,2,0.09660547153955375,0.9636902362108231,True,1e-06
Euler,5,0.2,5,23,2,0.0674949356562745,0.6239134594798088,True,1.2352563854491178e-06
Euler,5,0.2,5,24,2,0.049654513733053435,0.3784181624650955,True,1e-06
Euler,5,0.2,5,25,2,0.21044239798141987,1.5614598393440247,True,2.339793996620816e-06
Euler,5,0.2,5,26,2,0.25613309047449995,1.8174089789390564,True,1e-06
Euler,5,0.2,5,27,2,0.25682783459259473,1.8447657823562622,True,1e-06
Euler,5,0.2,5,28,2,0.15877435962713313,1.2445791959762573,True,2.1685488822251237e-06
Euler,5,0.2,5,29,2,0.13594038859341048,1.0508970618247986,True,1e-06
Euler,5,0.2,5,30,3,0.10275257576840023,1.125974863767624,True,1.0251815674748809e-06
Euler,5,0.2,5,31,3,0.21272448506984798,1.695184350013733,False,1.0058863599914548e-06
Euler,5,0.2,5,32,3,0.08123210173943812,0.6442171931266785,True,1e-06
Euler,5,0.2,5,33,3,0.1280045016147921,0.8897291719913483,True,1.1038277689729205e-06
Euler,5,0.2,5,34,3,0.35762576240478305,1.9643828868865967,True,1.2764821486052176e-06
Euler,5,0.2,5,35,3,0.11591419526794702,0.9821039140224457,True,2.024340481619809e-06
Euler,5,0.2,5,36,3,0.08652324357694861,0.652374655008316,True,1e-06
Euler,5,0.2,5,37,3,0.23815226167827877,1.4523481726646423,True,1e-06
Euler,5,0.2,5,38,3,0.1331351256284794,1.3428884744644165,True,1.062211266275174e-06
Euler,5,0.2,5,39,3,0.17379894932268253,1.3839934468269348,True,1e-06
Euler,5,0.2,5,40,4,0.11430429103346332,0.891147792339325,True,1e-06
Euler,5,0.2,5,41,4,0.24100897932583484,1.9298961162567139,True,1e-06
Euler,5,0.2,5,42,4,0.241687797177553,1.9577866792678833,True,2.5928913806302533e-06
Euler,5,0.2,5,43,4,0.1401853669918758,1.0628449320793152,True,1e-06
Euler,5,0.2,5,44,4,0.07888325716918775,0.5571355819702148,True,1e-06
Euler,5,0.2,5,45,4,0.13019847100752818,1.2894498407840729,True,1.672302531494149e-06
Euler,5,0.2,5,46,4,0.07579544308477583,0.6800120174884796,True,1e-06
Euler,5,0.2,5,47,4,0.14397532131046845,1.1078321635723114,True,1e-06
Euler,5,0.2,5,48,4,0.13878936562427732,0.9801651388406754,True,1e-06
Euler,5,0.2,5,49,4,0.15569068565899857,1.4092028141021729,True,1e-06
Euler,5,0.2,5,50,5,0.336558297922671,1.877236247062683,True,1.8178964562934237e-06
Euler,5,0.2,5,51,5,0.10339794403579328,0.6592839462682605,True,1e-06
Euler,5,0.2,5,52,5,0.12860956442712232,1.4332736730575562,True,1e-06
Euler,5,0.2,5,53,5,0.08241418074662586,0.6096012145280838,True,1e-06
Euler,5,0.2,5,54,5,0.08710710998256005,0.8381712287664413,True,1e-06
Euler,5,0.2,5,55,5,0.1941149479828871,1.6116903424263,True,1e-06
Euler,5,0.2,5,56,5,0.1989838518651104,1.6588836908340454,True,1.4590741595977263e-06
Euler,5,0.2,5,57,5,0.15144793852959199,1.0695921182632446,True,1.2469731555051633e-06
Euler,5,0.2,5,58,5,0.1773249350776283,1.3651629090309143,True,1e-06
Euler,5,0.2,5,59,5,0.32752617545393725,1.968966007232666,True,2.5425618519701875e-06
Euler,5,0.2,5,60,6,0.13835837476310792,0.9177467525005341,True,1.7914387306596396e-06
Euler,5,0.2,5,61,6,0.22212944395198264,1.8910518884658813,True,1e-06
Euler,5,0.2,5,62,6,0.35110605588568855,1.9567435383796692,True,1e-06
Euler,5,0.2,5,63,6,0.11164105029684002,0.9892839789390564,True,1.2142100713690488e-06
Euler,5,0.2,5,64,6,0.12806841676246944,1.4784894585609436,True,1.059778896784065e-06
Euler,5,0.2,5,65,6,0.12132731051278217,1.2951757907867432,True,1.0200925970424066e-06
Euler,5,0.2,5,66,6,0.13480322975304573,1.0922605991363525,True,1e-06
Euler,5,0.2,5,67,6,0.09289131505827615,0.6885156333446503,True,1e-06
Euler,5,0.2,5,68,6,0.15434745225728805,1.5740284323692322,True,1e-06
Euler,5,0.2,5,69,6,0.1278245751580878,1.7278727889060974,True,1e-06
Euler,5,0.2,5,70,7,0.17946290344898436,1.7082144618034363,True,1.002172487207418e-06
Euler,5,0.2,5,71,7,0.08650384041520859,0.9425877332687378,True,1.3019912601984357e-06
Euler,5,0.2,5,72,7,0.11880150908862788,0.8808049261569977,True,1e-06
Euler,5,0.2,5,73,7,0.18929912033969526,1.6431256532669067,True,1e-06
Euler,5,0.2,5,74,7,0.09149303400244671,0.811533972620964,True,1e-06
Euler,5,0.2,5,75,7,0.1910369996649541,1.928514838218689,True,1e-06
Euler,5,0.2,5,76,7,0.5212383029430939,1.9971178770065308,True,4.664503408117071e-06
Euler,5,0.2,5,77,7,0.04838942358519528,0.4771115705370903,True,1e-06
Euler,5,0.2,5,78,7,0.1398059379998382,1.4969249963760376,True,1e-06
Euler,5,0.2,5,79,7,0.11164781059762084,0.9399110563099384,True,1e-06
Euler,5,0.2,5,80,8,0.0779594697794723,0.6683524698019028,True,1e-06
Euler,5,0.2,5,81,8,0.07995952285528188,0.6673149913549423,True,1e-06
Euler,5,0.2,5,82,8,0.11104471845645521,1.2500528991222382,True,1e-06
Euler,5,0.2,5,83,8,0.1600615860881097,1.2042468190193176,True,1e-06
Euler,5,0.2,5,84,8,0.17622047128385257,1.449784278869629,True,1.465383478007093e-06
Euler,5,0.2,5,85,8,0.2946388600182479,1.8558928966522217,True,2.273783090272719e-06
Euler,5,0.2,5,86,8,0.07646964626471245,0.5875501781702042,True,1e-06
Euler,5,0.2,5,87,8,0.28273564452832095,1.919320523738861,True,1e-06
Euler,5,0.2,5,88,8,0.06047560303892065,0.5447926074266434,True,2.2396403043488253e-06
Euler,5,0.2,5,89,8,0.110657103147435,0.8380858302116394,True,1.223397610678078e-06
Euler,5,0.2,5,90,9,0.05288259076600869,0.5098986625671387,True,2.216658055858132e-06
Euler,5,0.2,5,91,9,0.1849966356587337,1.7237377762794495,False,1e-06
Euler,5,0.2,5,92,9,0.21803053067001024,1.7276347279548645,True,2.181670229268033e-06
Euler,5,0.2,5,93,9,0.08140989427502478,0.9121882766485214,True,1e-06
Euler,5,0.2,5,94,9,0.12310034017682721,1.456666886806488,True,1e-06
Euler,5,0.2,5,95,9,0.11571519375857178,1.0628795623779297,True,1e-06
Euler,5,0.2,5,96,9,0.08420702503171418,0.6089423894882202,True,1.009288426726286e-06
Euler,5,0.2,5,97,9,0.09456978422056211,0.8284894824028015,True,1e-06
Euler,5,0.2,5,98,9,0.07429162819804205,0.6698557399213314,True,1e-06
Euler,5,0.2,5,99,9,0.1116535787800415,1.0458590388298035,True,1e-06
Euler,10,0.1,10,0,0,0.05997215713002654,0.41306057572364807,True,1e-06
Euler,10,0.1,10,1,0,0.054268206547560524,0.5662041008472443,True,1e-06
Euler,10,0.1,10,2,0,0.10290006602874323,1.2255344539880753,True,1e-06
Euler,10,0.1,10,3,0,0.11253252587211927,1.1082577407360077,True,1e-06
Euler,10,0.1,10,4,0,0.0417212626602005,0.30445702373981476,True,1e-06
Euler,10,0.1,10,5,0,0.11295127290896344,0.7804020615294576,True,1.7500830152219005e-06
Euler,10,0.1,10,6,0,0.060130174024635774,0.5541682690382004,True,1e-06
Euler,10,0.1,10,7,0,0.07902810373549903,0.5817858874797821,True,1e-06
Euler,10,0.1,10,8,0,0.08632414383278125,0.5692533105611801,True,1e-06
Euler,10,0.1,10,9,0,0.09913833513278404,0.6191100478172302,True,1e-06
Euler,10,0.1,10,10,1,0.049848416841234526,0.3923511803150177,True,1e-06
Euler,10,0.1,10,11,1,0.04442056801101655,0.3465132713317871,True,1e-06
Euler,10,0.1,10,12,1,0.02995741423070136,0.3210330307483673,True,1e-06
Euler,10,0.1,10,13,1,0.015543832647690365,0.16139918565750122,True,1e-06
Euler,10,0.1,10,14,1,0.02870701115908231,0.35254785418510437,True,1e-06
Euler,10,0.1,10,15,1,0.03474859433339547,0.3592681288719177,True,1.3317213891376878e-06
Euler,10,0.1,10,16,1,0.04904206438455997,0.45646148920059204,True,1e-06
Euler,10,0.1,10,17,1,0.052301180822695026,0.8175870180130005,True,1e-06
Euler,10,0.1,10,18,1,0.03829185089389762,0.4385804384946823,True,1e-06
Euler,10,0.1,10,19,1,0.04024376145054435,0.3563147783279419,True,1e-06
Euler,10,0.1,10,20,2,0.1771089439664133,1.9194868206977844,True,1.0868335440780543e-06
Euler,10,0.1,10,21,2,0.062264446246229795,0.5810323506593704,True,1e-06
Euler,10,0.1,10,22,2,0.04209307022831397,0.4409976005554199,True,1e-06
Euler,10,0.1,10,23,2,0.03629572381346054,0.30412474274635315,True,1.2352563854491178e-06
Euler,10,0.1,10,24,2,0.025906638298994124,0.1830216348171234,True,1e-06
Euler,10,0.1,10,25,2,0.12373605705774786,0.9559463784098625,True,2.339793996620816e-06
Euler,10,0.1,10,26,2,0.18813956545408067,1.7496207356452942,True,1e-06
Euler,10,0.1,10,27,2,0.11342281180618569,0.9627995193004608,True,1e-06
Euler,10,0.1,10,28,2,0.07851723585908335,0.6301514059305191,True,2.1685488822251237e-06
Euler,10,0.1,10,29,2,0.073073346931899,0.6261977944523096,True,1e-06
Euler,10,0.1,10,30,3,0.04018627322926689,0.4505135715007782,True,1.0251815674748809e-06
Euler,10,0.1,10,31,3,0.12219342456092246,1.0552480965852737,False,1.0058863599914548e-06
Euler,10,0.1,10,32,3,0.040613174089950695,0.2907211519777775,True,1e-06
Euler,10,0.1,10,33,3,0.06599270457926783,0.468087762594223,True,1.1038277689729205e-06
Euler,10,0.1,10,34,3,0.33655513116827024,1.9516339302062988,True,1.2764821486052176e-06
Euler,10,0.1,10,35,3,0.056733967679960425,0.5623474717140198,True,2.024340481619809e-06
Euler,10,0.1,10,36,3,0.043980775475772456,0.39592237770557404,True,1e-06
Euler,10,0.1,10,37,3,0.1308722723768287,0.9517296850681305,True,1e-06
Euler,10,0.1,10,38,3,0.08610793871248536,1.0463942289352417,True,1.062211266275174e-06
Euler,10,0.1,10,39,3,0.08327657949976597,0.5811683833599091,True,1e-06
Euler,10,0.1,10,40,4,0.05757942886077566,0.4586161673069,True,1e-06
Euler,10,0.1,10,41,4,0.14159838266313363,1.530063807964325,True,1e-06
Euler,10,0.1,10,42,4,0.20865801983877486,1.9477568864822388,True,2.5928913806302533e-06
Euler,10,0.1,10,43,4,0.06955604415306936,0.5755388289690018,True,1e-06
Euler,10,0.1,10,44,4,0.043573628425817745,0.345463365316391,True,1e-06
Euler,10,0.1,10,45,4,0.07825828514876225,1.0128956139087677,True,1.672302531494149e-06
Euler,10,0.1,10,46,4,0.04816487853132672,0.474674791097641,True,1e-06
Euler,10,0.1,10,47,4,0.06850837972230399,0.5347187556326389,True,1e-06
Euler,10,0.1,10,48,4,0.08067915256164175,0.6280071400105953,True,1e-06
Euler,10,0.1,10,49,4,0.10895191394256136,1.4204038381576538,True,1e-06
Euler,10,0.1,10,50,5,0.25547947368225354,1.8053410649299622,True,1.8178964562934237e-06
Euler,10,0.1,10,51,5,0.05121404201165838,0.3679380565881729,True,1e-06
Euler,10,0.1,10,52,5,0.047759385007821946,0.3889158368110657,True,1e-06
Euler,10,0.1,10,53,5,0.04013058949013338,0.29280298203229904,True,1e-06
Euler,10,0.1,10,54,5,0.04298081286826232,0.3344113826751709,True,1e-06
Euler,10,0.1,10,55,5,0.08089525191567574,0.6452716588973999,True,1e-06
Euler,10,0.1,10,56,5,0.11616280712025223,1.2421032190322876,True,1.4590741595977263e-06
Euler,10,0.1,10,57,5,0.0773573452180444,0.6466310024261475,True,1.2469731555051633e-06
Euler,10,0.1,10,58,5,0.0950349078764729,0.8396285735070705,True,1e-06
Euler,10,0.1,10,59,5,0.31516295278125056,1.9553431868553162,True,2.5425618519701875e-06
Euler,10,0.1,10,60,6,0.0780113279905166,0.8254668414592743,True,1.7914387306596396e-06
Euler,10,0.1,10,61,6,0.13940845033972604,1.321387767791748,True,1e-06
Euler,10,0.1,10,62,6,0.16270212312361076,1.3701281547546387,True,1e-06
Euler,10,0.1,10,63,6,0.06582932253717179,0.6402842812240124,True,1.2142100713690488e-06
Euler,10,0.1,10,64,6,0.06276047688102414,0.7619875073432922,True,1.059778896784065e-06
Euler,10,0.1,10,65,6,0.07047092037461083,0.792932815849781,True,1.0200925970424066e-06
Euler,10,0.1,10,66,6,0.08108812091861717,0.9111377373337746,True,1e-06
Euler,10,0.1,10,67,6,0.0459872093215039,0.3872847855091095,True,1e-06
Euler,10,0.1,10,68,6,0.07450800630219295,0.8471225202083588,True,1e-06
Euler,10,0.1,10,69,6,0.06845621057163567,0.9665787615813315,True,1e-06
Euler,10,0.1,10,70,7,0.11098965126386215,1.4239259362220764,True,1.002172487207418e-06
Euler,10,0.1,10,71,7,0.05258137447910384,0.6224136278033257,True,1.3019912601984357e-06
Euler,10,0.1,10,72,7,0.06356487572607884,0.5938974618911743,True,1e-06
Euler,10,0.1,10,73,7,0.09834180077537064,0.9102286994457245,True,1e-06
Euler,10,0.1,10,74,7,0.04957611977306069,0.4696902632713318,True,1e-06
Euler,10,0.1,10,75,7,0.08376312293930614,0.988749879412353,False,1e-06
Euler,10,0.1,10,76,7,0.5040676544491867,1.9932119846343994,True,4.664503408117071e-06
Euler,10,0.1,10,77,7,0.02447170476514292,0.21490934491157532,True,1e-06
Euler,10,0.1,10,78,7,0.058835414417377975,0.5961538553237915,True,1e-06
Euler,10,0.1,10,79,7,0.06422002610140118,0.7359953410923481,True,1e-06
Euler,10,0.1,10,80,8,0.039734407513358695,0.41735100746154785,True,1e-06
Euler,10,0.1,10,81,8,0.03874556044544642,0.3258977234363556,True,1e-06
Euler,10,0.1,10,82,8,0.05347447649476307,0.5142384171485901,True,1e-06
Euler,10,0.1,10,83,8,0.08713244301787902,0.7763996720314026,True,1e-06
Euler,10,0.1,10,84,8,0.09667468377920876,0.9484281837940216,True,1.465383478007093e-06
Euler,10,0.1,10,85,8,0.17581286099050322,1.4345861673355103,True,2.273783090272719e-06
Euler,10,0.1,10,86,8,0.03873225295837888,0.29625963419675827,True,1e-06
Euler,10,0.1,10,87,8,0.1522746477832925,1.135916292667389,True,1e-06
Euler,10,0.1,10,88,8,0.033332094260340096,0.43181806802749634,True,2.2396403043488253e-06
Euler,10,0.1,10,89,8,0.06101112085719602,0.5796139612793922,True,1.223397610678078e-06
Euler,10,0.1,10,90,9,0.029136646127528823,0.34536880254745483,True,2.216658055858132e-06
Euler,10,0.1,10,91,9,0.08029069202881456,0.8713390827178955,True,1e-06
Euler,10,0.1,10,92,9,0.16806931643226353,1.5145316123962402,True,2.181670229268033e-06
Euler,10,0.1,10,93,9,0.03895478877405611,0.4306468963623047,True,1e-06
Euler,10,0.1,10,94,9,0.08865270051417201,1.2555582821369171,False,1e-06
Euler,10,0.1,10,95,9,0.05798908527121543,0.5554187595844269,True,1e-06
Euler,10,0.1,10,96,9,0.04334434354859321,0.3853878378868103,True,1.009288426726286e-06
Euler,10,0.1,10,97,9,0.05053180220070792,0.4779198467731476,True,1e-06
Euler,10,0.1,10,98,9,0.0387105918328697,0.35975953564047813,True,1e-06
Euler,10,0.1,10,99,9,0.05896037805029803,0.6197579205036163,True,1e-06
Euler,20,0.05,20,0,0,0.03138225572229285,0.20683220028877258,True,1e-06
Euler,20,0.05,20,1,0,0.028323581955006005,0.289617657661438,True,1e-06
Euler,20,0.05,20,2,0,0.03055118019371282,0.24481377005577087,True,1e-06
Euler,20,0.05,20,3,0,0.061306405056439375,0.5519537031650543,True,1e-06
Euler,20,0.05,20,4,0,0.0226013262524266,0.16307048499584198,True,1e-06
Euler,20,0.05,20,5,0,0.06395424225299652,0.5148457856848836,True,1.7500830152219005e-06
Euler,20,0.05,20,6,0,0.030215398947363487,0.2735256254673004,True,1e-06
Euler,20,0.05,20,7,0,0.04101055422743212,0.2940978407859802,True,1e-06
Euler,20,0.05,20,8,0,0.045596922612572865,0.31505119800567627,True,1e-06
Euler,20,0.05,20,9,0,0.05433162960765336,0.3328613191843033,True,1e-06
Euler,20,0.05,20,10,1,0.023034250074973298,0.1795092225074768,True,1e-06
Euler,20,0.05,20,11,1,0.02437946763192551,0.20050817728042603,True,1e-06
Euler,20,0.05,20,12,1,0.015209188368119866,0.16106289997696877,True,1e-06
Euler,20,0.05,20,13,1,0.008173500742124666,0.08491653203964233,True,1e-06
Euler,20,0.05,20,14,1,0.015232112452634148,0.18326953053474426,True,1e-06
Euler,20,0.05,20,15,1,0.02226076250326287,0.27444887161254883,True,1.3317213891376878e-06
Euler,20,0.05,20,16,1,0.025875111459619266,0.2437429428100586,True,1e-06
Euler,20,0.05,20,17,1,0.028750804845075653,0.43973569571971893,True,1e-06
Euler,20,0.05,20,18,1,0.020868240944465932,0.27727770805358887,True,1e-06
Euler,20,0.05,20,19,1,0.02101364875408263,0.18526291102170944,True,1e-06
Euler,20,0.05,20,20,2,0.12721416189643928,1.5261858701705933,True,1.0868335440780543e-06
Euler,20,0.05,20,21,2,0.03438671894514168,0.3268832713365555,True,1e-06
Euler,20,0.05,20,22,2,0.02110946078315836,0.22533077001571655,True,1e-06
Euler,20,0.05,20,23,2,0.019386388928749686,0.16122525930404663,True,1.2352563854491178e-06
Euler,20,0.05,20,24,2,0.013117856743499608,0.10639810562133789,True,1e-06
Euler,20,0.05,20,25,2,0.07867137889120514,0.8783751502633095,True,2.339793996620816e-06
Euler,20,0.05,20,26,2,0.09477285385263776,1.2235924899578094,True,1e-06
Euler,20,0.05,20,27,2,0.05294568358843783,0.4371056631207466,True,1e-06
Euler,20,0.05,20,28,2,0.04246049173452607,0.3636719286441803,True,2.1685488822251237e-06
Euler,20,0.05,20,29,2,0.03933455553884462,0.35429149866104126,True,1e-06
Euler,20,0.05,20,30,3,0.019668485582919025,0.20150595903396606,True,1.0251815674748809e-06
Euler,20,0.05,20,31,3,0.0627797424369443,0.4722002148628235,False,1.0058863599914548e-06
Euler,20,0.05,20,32,3,0.022144433419486086,0.16309190541505814,True,1e-06
Euler,20,0.05,20,33,3,0.03438113297720981,0.2583613097667694,True,1.1038277689729205e-06
Euler,20,0.05,20,34,3,0.11368531875731919,1.277072012424469,True,1.2764821486052176e-06
Euler,20,0.05,20,35,3,0.02876223771023875,0.2950203865766525,True,2.024340481619809e-06
Euler,20,0.05,20,36,3,0.022369841820249228,0.19886820018291473,True,1e-06
Euler,20,0.05,20,37,3,0.07235677109915749,0.605260044336319,True,1e-06
Euler,20,0.05,20,38,3,0.051808441183009236,0.7384464479982853,True,1.062211266275174e-06
Euler,20,0.05,20,39,3,0.04141411796451233,0.25475236773490906,True,1e-06
Euler,20,0.05,20,40,4,0.02981655454853046,0.2458457350730896,True,1e-06
Euler,20,0.05,20,41,4,0.060217979019645526,0.6836061477661133,True,1e-06
Euler,20,0.05,20,42,4,0.1786360551252231,1.9063507318496704,True,2.5928913806302533e-06
Euler,20,0.05,20,43,4,0.03356129127667305,0.24966341257095337,True,1e-06
Euler,20,0.05,20,44,4,0.025101351053533776,0.23819825053215027,True,1e-06
Euler,20,0.05,20,45,4,0.04633193827018862,0.6036630868911743,True,1.672302531494149e-06
Euler,20,0.05,20,46,4,0.03037889484636709,0.3567046821117401,True,1e-06
Euler,20,0.05,20,47,4,0.032922673100598016,0.2578903138637543,True,1e-06
Euler,20,0.05,20,48,4,0.04352547606252544,0.36866816878318787,True,1e-06
Euler,20,0.05,20,49,4,0.05539470281964745,0.7280532121658325,True,1e-06
Euler,20,0.05,20,50,5,0.12977545674518998,1.125695824623108,True,1.8178964562934237e-06
Euler,20,0.05,20,51,5,0.02632584582812364,0.1992477923631668,True,1e-06
Euler,20,0.05,20,52,5,0.0223253518691586,0.16271841526031494,True,1e-06
Euler,20,0.05,20,53,5,0.02118503601104396,0.18617480993270874,True,1e-06
Euler,20,0.05,20,54,5,0.022671905658920497,0.1666926145553589,True,1e-06
Euler,20,0.05,20,55,5,0.03845684326812224,0.28407199680805206,True,1e-06
Euler,20,0.05,20,56,5,0.06251376385408626,0.6447601765394211,True,1.4590741595977263e-06
Euler,20,0.05,20,57,5,0.0397324229026198,0.2958980202674866,True,1.2469731555051633e-06
Euler,20,0.05,20,58,5,0.0527339561052073,0.48561298847198486,True,1e-06
Euler,20,0.05,20,59,5,0.2993375338032079,1.9475155472755432,True,2.5425618519701875e-06
Euler,20,0.05,20,60,6,0.04714059999006194,0.6346846967935562,True,1.7914387306596396e-06
Euler,20,0.05,20,61,6,0.06513727326513694,0.5802843868732452,True,1e-06
Euler,20,0.05,20,62,6,0.09510042906906493,1.0546553134918213,True,1e-06
Euler,20,0.05,20,63,6,0.04086602478518312,0.4383951425552368,True,1.2142100713690488e-06
Euler,20,0.05,20,64,6,0.03233530106252989,0.34104931354522705,True,1.059778896784065e-06
Euler,20,0.05,20,65,6,0.03592288632233743,0.41395676136016846,True,1.0200925970424066e-06
Euler,20,0.05,20,66,6,0.04662601368610793,0.5710013881325722,True,1e-06
Euler,20,0.05,20,67,6,0.023352485479595453,0.20163337886333466,True,1e-06
Euler,20,0.05,20,68,6,0.03864394752550634,0.4160398840904236,True,1e-06
Euler,20,0.05,20,69,6,0.03477269068101926,0.45767074823379517,True,1e-06
Euler,20,0.05,20,70,7,0.06111313011005961,0.7462104922160506,True,1.002172487207418e-06
Euler,20,0.05,20,71,7,0.028468959689683233,0.3385389968752861,True,1.3019912601984357e-06
Euler,20,0.05,20,72,7,0.034990382129547935,0.4256492257118225,True,1e-06
Euler,20,0.05,20,73,7,0.048075733939537915,0.40210476517677307,True,1e-06
Euler,20,0.05,20,74,7,0.0238613411644229,0.22325581312179565,True,1e-06
Euler,20,0.05,20,75,7,0.035790141118747884,0.4127635955810547,False,1e-06
Euler,20,0.05,20,76,7,0.3916128502946651,1.9965578317642212,True,4.664503408117071e-06
Euler,20,0.05,20,77,7,0.013128190207585546,0.10820513963699341,True,1e-06
Euler,20,0.05,20,78,7,0.029409202324907836,0.28632980585098267,True,1e-06
Euler,20,0.05,20,79,7,0.0355608922442101,0.46055417135357857,True,1e-06
Euler,20,0.05,20,80,8,0.020681130035809722,0.22883310914039612,True,1e-06
Euler,20,0.05,20,81,8,0.019081452516762996,0.16245928406715393,True,1e-06
Euler,20,0.05,20,82,8,0.02544793583964827,0.230763778090477,True,1e-06
Euler,20,0.05,20,83,8,0.04223122474511784,0.38143207132816315,True,1e-06
Euler,20,0.05,20,84,8,0.0476297169980282,0.5026658177375793,True,1.465383478007093e-06
Euler,20,0.05,20,85,8,0.09306947209882438,0.836365818977356,True,2.273783090272719e-06
Euler,20,0.05,20,86,8,0.019531966578705602,0.1468370258808136,True,1e-06
Euler,20,0.05,20,87,8,0.08335830731393869,0.7829975485801697,True,1e-06
Euler,20,0.05,20,88,8,0.0226687236175156,0.36917078495025635,True,2.2396403043488253e-06
Euler,20,0.05,20,89,8,0.03738767669815616,0.4099322035908699,True,1.223397610678078e-06
Euler,20,0.05,20,90,9,0.015418310813111308,0.19742190837860107,True,2.216658055858132e-06
Euler,20,0.05,20,91,9,0.03601332092171369,0.33791637420654297,True,1e-06
Euler,20,0.05,20,92,9,0.1142419484514974,1.0946050211787224,True,2.181670229268033e-06
Euler,20,0.05,20,93,9,0.018610033657026133,0.1736971139907837,True,1e-06
Euler,20,0.05,20,94,9,0.05172056630378196,0.7614460289478302,False,1e-06
Euler,20,0.05,20,95,9,0.029718190692463523,0.2892482429742813,True,1e-06
Euler,20,0.05,20,96,9,0.02190753439350878,0.19611608982086182,True,1.009288426726286e-06
Euler,20,0.05,20,97,9,0.026953417481199414,0.2582358419895172,True,1e-06
Euler,20,0.05,20,98,9,0.02031839339894295,0.1802739016711712,True,1e-06
Euler,20,0.05,20,99,9,0.032503588953133475,0.3459576591849327,True,1e-06
Euler,40,0.025,40,0,0,0.016508225652021116,0.10425892472267151,True,1e-06
Euler,40,0.025,40,1,0,0.015363892650731825,0.14170247316360474,True,1e-06
Euler,40,0.025,40,2,0,0.01593670658831106,0.1177627444267273,True,1e-06
Euler,40,0.025,40,3,0,0.03353239374032407,0.28210391849279404,True,1e-06
Euler,40,0.025,40,4,0,0.012834551246932259,0.09750871360301971,True,1e-06
Euler,40,0.025,40,5,0,0.03763154708501789,0.3249961407855153,True,1.7500830152219005e-06
Euler,40,0.025,40,6,0,0.016141601122840972,0.14110597223043442,True,1e-06
Euler,40,0.025,40,7,0,0.023955264672073023,0.17032481729984283,True,1e-06
Euler,40,0.025,40,8,0,0.024563720019094272,0.1747161028906703,True,1e-06
Euler,40,0.025,40,9,0,0.029290268842183505,0.1824355274438858,True,1e-06
Euler,40,0.025,40,10,1,0.014816985873840728,0.115776676684618,True,1e-06
Euler,40,0.025,40,11,1,0.012888874141899266,0.10748922824859619,True,1e-06
Euler,40,0.025,40,12,1,0.007683703612949537,0.07992880046367645,True,1e-06
Euler,40,0.025,40,13,1,0.004516463834038146,0.04353940486907959,True,1e-06
Euler,40,0.025,40,14,1,0.00796874603858956,0.08895555138587952,True,1e-06
Euler,40,0.025,40,15,1,0.013814155143928315,0.17664647102355957,True,1.3317213891376878e-06
Euler,40,0.025,40,16,1,0.012857047893981198,0.11360613163560629,True,1e-06
Euler,40,0.025,40,17,1,0.01650089993795326,0.24363352986983955,True,1e-06
Euler,40,0.025,40,18,1,0.012227663261024159,0.21293753385543823,True,1e-06
Euler,40,0.025,40,19,1,0.011306931061718048,0.10075878724455833,True,1e-06
Euler,40,0.025,40,20,2,0.02842618122978017,0.2113405466079712,True,1.0868335440780543e-06
Euler,40,0.025,40,21,2,0.018563267119522706,0.17328999936580658,True,1e-06
Euler,40,0.025,40,22,2,0.010782083526137277,0.11309859156608582,True,1e-06
Euler,40,0.025,40,23,2,0.010485887220313884,0.08726969361305237,True,1.2352563854491178e-06
Euler,40,0.025,40,24,2,0.007036781315586905,0.060271501541137695,True,1e-06
Euler,40,0.025,40,25,2,0.054112407826985745,0.7594106569886208,True,2.339793996620816e-06
Euler,40,0.025,40,26,2,0.05328457508473833,0.7542270133271813,True,1e-06
Euler,40,0.025,40,27,2,0.027093208166326398,0.21805965900421143,True,1e-06
Euler,40,0.025,40,28,2,0.022650793381796708,0.2182762622833252,True,2.1685488822251237e-06
Euler,40,0.025,40,29,2,0.020495089925007502,0.2006952166557312,True,1e-06
Euler,40,0.025,40,30,3,0.010678792645338369,0.10480588674545288,True,1.0251815674748809e-06
Euler,40,0.025,40,31,3,0.031710243127071984,0.2442457675933838,False,1.0058863599914548e-06
Euler,40,0.025,40,32,3,0.011345835966320685,0.08499527722597122,True,1e-06
Euler,40,0.025,40,33,3,0.0179455543490974,0.1324760615825653,True,1.1038277689729205e-06
Euler,40,0.025,40,34,3,0.039053164558447255,0.3504575192928314,True,1.2764821486052176e-06
Euler,40,0.025,40,35,3,0.01552843273789984,0.16705918312072754,True,2.024340481619809e-06
Euler,40,0.025,40,36,3,0.011840321947908669,0.10253487527370453,True,1e-06
Euler,40,0.025,40,37,3,0.04004222735810664,0.3954290449619293,True,1e-06
Euler,40,0.025,40,38,3,0.027354640787794465,0.3663870133459568,True,1.062211266275174e-06
Euler,40,0.025,40,39,3,0.021671307885014406,0.14015598595142365,True,1e-06
Euler,40,0.025,40,40,4,0.015476880940125254,0.1387465000152588,True,1e-06
Euler,40,0.025,40,41,4,0.029883744418507732,0.2834765315055847,True,1e-06
Euler,40,0.025,40,42,4,0.14352840863883506,1.7710895538330078,True,2.5928913806302533e-06
Euler,40,0.025,40,43,4,0.017186674116723494,0.11812078952789307,True,1e-06
Euler,40,0.025,40,44,4,0.014404845679684069,0.14206209778785706,True,1e-06
Euler,40,0.025,40,45,4,0.02589124070616873,0.30705147236585617,True,1.672302531494149e-06
Euler,40,0.025,40,46,4,0.01665778388229904,0.20160755515098572,True,1e-06
Euler,40,0.025,40,47,4,0.016767187861925274,0.13378497958183289,True,1e-06
Euler,40,0.025,40,48,4,0.02368157092842699,0.20857879519462585,True,1e-06
Euler,40,0.025,40,49,4,0.018067707898580056,0.17134646326303482,True,1e-06
Euler,40,0.025,40,50,5,0.07607931239902532,0.7551537156105042,True,1.8178964562934237e-06
Euler,40,0.025,40,51,5,0.013638084940815172,0.09624993801116943,True,1e-06
Euler,40,0.025,40,52,5,0.011211747556989823,0.08223161101341248,True,1e-06
Euler,40,0.025,40,53,5,0.011704651786503427,0.11897814273834229,True,1e-06
Euler,40,0.025,40,54,5,0.012117243338684492,0.08775633573532104,True,1e-06
Euler,40,0.025,40,55,5,0.020101930365245813,0.14722002822963987,True,1e-06
Euler,40,0.025,40,56,5,0.03389932458987115,0.32946300506591797,True,1.4590741595977263e-06
Euler,40,0.025,40,57,5,0.0209129548383567,0.14376048743724823,True,1.2469731555051633e-06
Euler,40,0.025,40,58,5,0.027133043576641636,0.2618740200996399,True,1e-06
Euler,40,0.025,40,59,5,0.2884329536851984,1.9460358619689941,True,2.5425618519701875e-06
Euler,40,0.025,40,60,6,0.029736070998336875,0.4528284277766943,True,1.7914387306596396e-06
Euler,40,0.025,40,61,6,0.03206681462339329,0.2539859227836132,True,1e-06
Euler,40,0.025,40,62,6,0.05895928891901108,0.7281422019004822,True,1e-06
Euler,40,0.025,40,63,6,0.02546263413536576,0.3029448986053467,True,1.2142100713690488e-06
Euler,40,0.025,40,64,6,0.018530740265235348,0.16040611267089844,True,1.059778896784065e-06
Euler,40,0.025,40,65,6,0.019202573501340185,0.22539937496185303,True,1.0200925970424066e-06
Euler,40,0.025,40,66,6,0.026222999247322486,0.3466448187828064,True,1e-06
Euler,40,0.025,40,67,6,0.011952199723009276,0.10273592174053192,True,1e-06
Euler,40,0.025,40,68,6,0.019929584009360485,0.21739071607589722,True,1e-06
Euler,40,0.025,40,69,6,0.015428035846926829,0.16987407207489014,True,1e-06
Euler,40,0.025,40,70,7,0.031206971853492676,0.389416909776628,True,1.002172487207418e-06
Euler,40,0.025,40,71,7,0.014465070836856025,0.17810126394033432,True,1.3019912601984357e-06
Euler,40,0.025,40,72,7,0.01862056573318175,0.24005436897277832,True,1e-06
Euler,40,0.025,40,73,7,0.023816240716899122,0.20141716115176678,True,1e-06
Euler,40,0.025,40,74,7,0.01270897501213271,0.118122398853302,True,1e-06
Euler,40,0.025,40,75,7,0.018858811465754098,0.21945564448833466,False,1e-06
Euler,40,0.025,40,76,7,0.2729263152764894,1.9854246973991394,True,4.664503408117071e-06
Euler,40,0.025,40,77,7,0.007299632575896342,0.062619149684906,True,1e-06
Euler,40,0.025,40,78,7,0.016389051724065073,0.1512671709060669,True,1e-06
Euler,40,0.025,40,79,7,0.019576992282989383,0.26726338639855385,True,1e-06
Euler,40,0.025,40,80,8,0.010401455827361274,0.11660042405128479,True,1e-06
Euler,40,0.025,40,81,8,0.010088921158141325,0.08352506160736084,True,1e-06
Euler,40,0.025,40,82,8,0.013213766472702757,0.11765031516551971,True,1e-06
Euler,40,0.025,40,83,8,0.02311240819836151,0.23491111397743225,True,1e-06
Euler,40,0.025,40,84,8,0.026304039025702098,0.28363706916570663,True,1.465383478007093e-06
Euler,40,0.025,40,85,8,0.04825589727928967,0.3871045559644699,True,2.273783090272719e-06
Euler,40,0.025,40,86,8,0.01020146014857535,0.07603570818901062,True,1e-06
Euler,40,0.025,40,87,8,0.04557348415718654,0.4527459293603897,True,1e-06
Euler,40,0.025,40,88,8,0.018945709507991064,0.34999459981918335,True,2.2396403043488253e-06
Euler,40,0.025,40,89,8,0.022660654856710382,0.2819662392139435,True,1.223397610678078e-06
Euler,40,0.025,40,90,9,0.007770096389082165,0.1020708680152893,True,2.216658055858132e-06
Euler,40,0.025,40,91,9,0.017926764053286137,0.13296806812286377,True,1e-06
Euler,40,0.025,40,92,9,0.050238711312897845,0.4931718169245869,True,2.181670229268033e-06
Euler,40,0.025,40,93,9,0.009150457855740528,0.08801129460334778,True,1e-06
Euler,40,0.025,40,94,9,0.016144502861410413,0.20377033948898315,False,1e-06
Euler,40,0.025,40,95,9,0.015421454655342967,0.14665676653385162,True,1e-06
Euler,40,0.025,40,96,9,0.011148515204612559,0.0860292911529541,True,1.009288426726286e-06
Euler,40,0.025,40,97,9,0.013873253023124426,0.1367899659089744,True,1e-06
Euler,40,0.025,40,98,9,0.010056595015565252,0.08735335990786552,True,1e-06
Euler,40,0.025,40,99,9,0.018193520143625345,0.20496875047683716,True,1e-06
Euler,80,0.0125,80,0,0,0.007934171608349038,0.049001485109329224,True,1e-06
Euler,80,0.0125,80,1,0,0.008140870528950182,0.0693349540233612,True,1e-06
Euler,80,0.0125,80,2,0,0.008298453947497904,0.06291520595550537,True,1e-06
Euler,80,0.0125,80,3,0,0.016893093613630412,0.18283909559249878,True,1e-06
Euler,80,0.0125,80,4,0,0.006726082497228549,0.060853198170661926,True,1e-06
Euler,80,0.0125,80,5,0,0.019229710500550366,0.17458986956626177,True,1.7500830152219005e-06
Euler,80,0.0125,80,6,0,0.007941730271641797,0.06717132776975632,True,1e-06
Euler,80,0.0125,80,7,0,0.012110474787325737,0.0897170901298523,True,1e-06
Euler,80,0.0125,80,8,0,0.012624323287011725,0.0903276801109314,True,1e-06
Euler,80,0.0125,80,9,0,0.013975343665206297,0.09108707308769226,True,1e-06
Euler,80,0.0125,80,10,1,0.00678061594999449,0.05091961845755577,True,1e-06
Euler,80,0.0125,80,11,1,0.006365150047210429,0.05187497287988663,True,1e-06
Euler,80,0.0125,80,12,1,0.0037969900174840902,0.0384027361869812,True,1e-06
Euler,80,0.0125,80,13,1,0.0023866426611650433,0.022164344787597656,True,1e-06
Euler,80,0.0125,80,14,1,0.003961807996506616,0.0446811318397522,True,1e-06
Euler,80,0.0125,80,15,1,0.007248491395874936,0.09391322731971741,True,1.3317213891376878e-06
Euler,80,0.0125,80,16,1,0.00598849161512143,0.05546504259109497,True,1e-06
Euler,80,0.0125,80,17,1,0.008411946596538409,0.12053918093442917,True,1e-06
Euler,80,0.0125,80,18,1,0.006879305546258999,0.13514810800552368,True,1e-06
Euler,80,0.0125,80,19,1,0.005538683617502545,0.049652427434921265,True,1e-06
Euler,80,0.0125,80,20,2,0.013199141889484173,0.09152078628540039,True,1.0868335440780543e-06
Euler,80,0.0125,80,21,2,0.009579781939494327,0.08676443994045258,True,1e-06
Euler,80,0.0125,80,22,2,0.00555606011109659,0.06018884479999542,True,1e-06
Euler,80,0.0125,80,23,2,0.005825972168455393,0.05097046494483948,True,1.2352563854491178e-06
Euler,80,0.0125,80,24,2,0.0038644227027218943,0.03740757703781128,True,1e-06
Euler,80,0.0125,80,25,2,0.025011782310117078,0.3270258978009224,True,2.339793996620816e-06
Euler,80,0.0125,80,26,2,0.02764102362993187,0.3941403031349182,True,1e-06
Euler,80,0.0125,80,27,2,0.013072110292809719,0.10186845064163208,True,1e-06
Euler,80,0.0125,80,28,2,0.011421975965186699,0.11869251728057861,True,2.1685488822251237e-06
Euler,80,0.0125,80,29,2,0.010021676789222533,0.09722071886062622,True,1e-06
Euler,80,0.0125,80,30,3,0.005453800736497673,0.0515972375869751,True,1.0251815674748809e-06
Euler,80,0.0125,80,31,3,0.014717593536780689,0.11650228500366211,False,1.0058863599914548e-06
Euler,80,0.0125,80,32,3,0.005281686244070083,0.03898439556360245,True,1e-06
Euler,80,0.0125,80,33,3,0.008856783174296548,0.05945175886154175,True,1.1038277689729205e-06
Euler,80,0.0125,80,34,3,0.015179372307645081,0.12858450412750244,True,1.2764821486052176e-06
Euler,80,0.0125,80,35,3,0.007671706532121108,0.08185463026165962,True,2.024340481619809e-06
Euler,80,0.0125,80,36,3,0.0059311653627707505,0.05056558549404144,True,1e-06
Euler,80,0.0125,80,37,3,0.019968887602370432,0.20670366287231445,True,1e-06
Euler,80,0.0125,80,38,3,0.013399130511070697,0.16296204924583435,True,1.062211266275174e-06
Euler,80,0.0125,80,39,3,0.010191886307564053,0.07365510612726212,True,1e-06
Euler,80,0.0125,80,40,4,0.0074541583024452865,0.06985890865325928,True,1e-06
Euler,80,0.0125,80,41,4,0.013905822449967693,0.11694306135177612,True,1e-06
Euler,80,0.0125,80,42,4,0.0499132413127632,0.5596693903207779,True,2.5928913806302533e-06
Euler,80,0.0125,80,43,4,0.00867448172497788,0.058619020506739616,True,1e-06
Euler,80,0.0125,80,44,4,0.007399910080785866,0.07085588574409485,True,1e-06
Euler,80,0.0125,80,45,4,0.013273525108583513,0.14855387806892395,True,1.672302531494149e-06
Euler,80,0.0125,80,46,4,0.008388381033680682,0.09855660796165466,True,1e-06
Euler,80,0.0125,80,47,4,0.008209808348333873,0.06337836384773254,True,1e-06
Euler,80,0.0125,80,48,4,0.011997304296003637,0.10904994606971741,True,1e-06
Euler,80,0.0125,80,49,4,0.008612007614494818,0.08169476687908173,True,1e-06
Euler,80,0.0125,80,50,5,0.03975283616387035,0.5160431563854218,True,1.8178964562934237e-06
Euler,80,0.0125,80,51,5,0.0069935050294916,0.04610772430896759,True,1e-06
Euler,80,0.0125,80,52,5,0.005678071916131848,0.042026907205581665,True,1e-06
Euler,80,0.0125,80,53,5,0.005911687376962525,0.06244540214538574,True,1e-06
Euler,80,0.0125,80,54,5,0.00646446763565586,0.04251950979232788,True,1e-06
Euler,80,0.0125,80,55,5,0.009636673996358572,0.06969394534826279,True,1e-06
Euler,80,0.0125,80,56,5,0.016345941521717058,0.1553223729133606,True,1.4590741595977263e-06
Euler,80,0.0125,80,57,5,0.010669764350819323,0.07036446034908295,True,1.2469731555051633e-06
Euler,80,0.0125,80,58,5,0.012375501110083656,0.12360477447509766,True,1e-06
Euler,80,0.0125,80,59,5,0.1681558747389289,1.8594370484352112,True,2.5425618519701875e-06
Euler,80,0.0125,80,60,6,0.016713606406035517,0.2752232998609543,True,1.7914387306596396e-06
Euler,80,0.0125,80,61,6,0.013878993121599138,0.10109080374240875,True,1e-06
Euler,80,0.0125,80,62,6,0.034489077707926565,0.4505755379796028,True,1e-06
Euler,80,0.0125,80,63,6,0.012603502922163879,0.14709633588790894,True,1.2142100713690488e-06
Euler,80,0.0125,80,64,6,0.01018891116739597,0.09851562976837158,True,1.059778896784065e-06
Euler,80,0.0125,80,65,6,0.009997890482179113,0.11841779947280884,True,1.0200925970424066e-06
Euler,80,0.0125,80,66,6,0.013473111147232765,0.18309834599494934,True,1e-06
Euler,80,0.0125,80,67,6,0.0057729518428971125,0.049856364727020264,True,1e-06
Euler,80,0.0125,80,68,6,0.009299898371225239,0.10345417261123657,True,1e-06
Euler,80,0.0125,80,69,6,0.007244505630295561,0.08026763796806335,True,1e-06
Euler,80,0.0125,80,70,7,0.013211083790903992,0.1628021514043212,True,1.002172487207418e-06
Euler,80,0.0125,80,71,7,0.007526011900814221,0.09130341559648514,True,1.3019912601984357e-06
Euler,80,0.0125,80,72,7,0.009107158481636242,0.11641931533813477,True,1e-06
Euler,80,0.0125,80,73,7,0.01081347870465367,0.08671294152736664,True,1e-06
Euler,80,0.0125,80,74,7,0.007073396634833337,0.06539148092269897,True,1e-06
Euler,80,0.0125,80,75,7,0.009079145895541027,0.10683829337358475,False,1e-06
Euler,80,0.0125,80,76,7,0.14588933666988352,1.9541950225830078,True,4.664503408117071e-06
Euler,80,0.0125,80,77,7,0.0038600552400435964,0.03445163369178772,True,1e-06
Euler,80,0.0125,80,78,7,0.007691430773886163,0.07119715213775635,True,1e-06
Euler,80,0.0125,80,79,7,0.010091735629736337,0.14019321277737617,True,1e-06
Euler,80,0.0125,80,80,8,0.0049343097281770295,0.056359440088272095,True,1e-06
Euler,80,0.0125,80,81,8,0.00508173834606616,0.04049938917160034,True,1e-06
Euler,80,0.0125,80,82,8,0.006707078517256682,0.05842854082584381,True,1e-06
Euler,80,0.0125,80,83,8,0.011364852705517167,0.12717798352241516,True,1e-06
Euler,80,0.0125,80,84,8,0.012579810736978328,0.13435707986354828,True,1.465383478007093e-06
Euler,80,0.0125,80,85,8,0.022076549469948484,0.17502546310424805,True,2.273783090272719e-06
Euler,80,0.0125,80,86,8,0.005247238728896029,0.03646142780780792,True,1e-06
Euler,80,0.0125,80,87,8,0.024674529483523836,0.26605495531111956,True,1e-06
Euler,80,0.0125,80,88,8,0.01506754009177017,0.29312413930892944,True,2.2396403043488253e-06
Euler,80,0.0125,80,89,8,0.011151953337237919,0.13366422057151794,True,1.223397610678078e-06
Euler,80,0.0125,80,90,9,0.004219772203174305,0.05401909351348877,True,2.216658055858132e-06
Euler,80,0.0125,80,91,9,0.008372383903937271,0.06501606106758118,True,1e-06
Euler,80,0.0125,80,92,9,0.02038222944977428,0.1807573437690735,True,2.181670229268033e-06
Euler,80,0.0125,80,93,9,0.0048055927299180505,0.04584270715713501,True,1e-06
Euler,80,0.0125,80,94,9,0.006401278054831215,0.06256040930747986,False,1e-06
Euler,80,0.0125,80,95,9,0.007412818623202326,0.06970158219337463,True,1e-06
Euler,80,0.0125,80,96,9,0.005325110939958702,0.03417247533798218,True,1.009288426726286e-06
Euler,80,0.0125,80,97,9,0.007042680298006886,0.07240202650427818,True,1e-06
Euler,80,0.0125,80,98,9,0.0045113500618954305,0.038562286645174026,True,1e-06
Euler,80,0.0125,80,99,9,0.009586733641824321,0.11672848463058472,True,1e-06
Euler,160,0.00625,160,0,0,0.003936914669966143,0.026714861392974854,True,1e-06
Euler,160,0.00625,160,1,0,0.004101705753523492,0.03211057186126709,True,1e-06
Euler,160,0.00625,160,2,0,0.004444554763380804,0.03432375192642212,True,1e-06
Euler,160,0.00625,160,3,0,0.007316358706161491,0.06511509418487549,True,1e-06
Euler,160,0.00625,160,4,0,0.004278480938480963,0.05011342465877533,True,1e-06
Euler,160,0.00625,160,5,0,0.009959780266070481,0.09237286914139986,True,1.7500830152219005e-06
Euler,160,0.00625,160,6,0,0.004269694850658444,0.030941396951675415,True,1e-06
Euler,160,0.00625,160,7,0,0.007265534901488847,0.05446583032608032,True,1e-06
Euler,160,0.00625,160,8,0,0.006618262256268477,0.04700303077697754,True,1e-06
Euler,160,0.00625,160,9,0,0.007039004778556023,0.0462985634803772,True,1e-06
Euler,160,0.00625,160,10,1,0.0023927922459967277,0.02632927894592285,True,1e-06
Euler,160,0.00625,160,11,1,0.00285972718138995,0.02186262607574463,True,1e-06
Euler,160,0.00625,160,12,1,0.0018773153011916537,0.018391385674476624,True,1e-06
Euler,160,0.00625,160,13,1,0.001262929492446069,0.012302041053771973,True,1e-06
Euler,160,0.00625,160,14,1,0.0021086055183453683,0.024491608142852783,True,1e-06
Euler,160,0.00625,160,15,1,0.004877166248820862,0.06710857152938843,True,1.3317213891376878e-06
Euler,160,0.00625,160,16,1,0.003835906128435156,0.034964948892593384,True,1e-06
Euler,160,0.00625,160,17,1,0.004085824281100516,0.05721545219421387,True,1e-06
Euler,160,0.00625,160,18,1,0.0041383276233166325,0.0902254581451416,True,1e-06
Euler,160,0.00625,160,19,1,0.002682963093995397,0.023661985993385315,True,1e-06
Euler,160,0.00625,160,20,2,0.006685985098591099,0.05100888013839722,True,1.0868335440780543e-06
Euler,160,0.00625,160,21,2,0.0051531619725976325,0.04636545479297638,True,1e-06
Euler,160,0.00625,160,22,2,0.0042460155469986206,0.041668131947517395,True,1e-06
Euler,160,0.00625,160,23,2,0.003382333461451581,0.028503715991973877,True,1.2352563854491178e-06
Euler,160,0.00625,160,24,2,0.002440045586929617,0.02981799840927124,True,1e-06
Euler,160,0.00625,160,25,2,0.013169815638137605,0.1708284392952919,True,2.339793996620816e-06
Euler,160,0.00625,160,26,2,0.014522651241112955,0.20170927047729492,True,1e-06
Euler,160,0.00625,160,27,2,0.0061299278693025434,0.05170333385467529,True,1e-06
Euler,160,0.00625,160,28,2,0.006892903832125057,0.07041025161743164,True,2.1685488822251237e-06
Euler,160,0.00625,160,29,2,0.0046648899968692375,0.03776848316192627,True,1e-06
Euler,160,0.00625,160,30,3,0.003078272002318281,0.025497615337371826,True,1.0251815674748809e-06
Euler,160,0.00625,160,31,3,0.00769563381999977,0.05823183059692383,False,1.0058863599914548e-06
Euler,160,0.00625,160,32,3,0.0026285155905244055,0.016104772686958313,True,1e-06
Euler,160,0.00625,160,33,3,0.004485623970365899,0.030364662408828735,True,1.1038277689729205e-06
Euler,160,0.00625,160,34,3,0.007261493772815449,0.05349123477935791,True,1.2764821486052176e-06
Euler,160,0.00625,160,35,3,0.004606840102839633,0.04545287787914276,True,2.024340481619809e-06
Euler,160,0.00625,160,36,3,0.0031957810447257144,0.027462467551231384,True,1e-06
Euler,160,0.00625,160,37,3,0.009221131119015458,0.0986020565032959,True,1e-06
Euler,160,0.00625,160,38,3,0.007125945552987131,0.08366113901138306,True,1.062211266275174e-06
Euler,160,0.00625,160,39,3,0.005230858462207653,0.03885515592992306,True,1e-06
Euler,160,0.00625,160,40,4,0.003446412157790193,0.030963420867919922,True,1e-06
Euler,160,0.00625,160,41,4,0.007071764096639197,0.06204718351364136,True,1e-06
Euler,160,0.00625,160,42,4,0.013571187748282284,0.13931134343147278,True,2.5928913806302533e-06
Euler,160,0.00625,160,43,4,0.004458037768874228,0.0343001801520586,True,1e-06
Euler,160,0.00625,160,44,4,0.004246453950219303,0.03981533646583557,True,1e-06
Euler,160,0.00625,160,45,4,0.0067353597687963805,0.07579603791236877,True,1.672302531494149e-06
Euler,160,0.00625,160,46,4,0.005195871387891245,0.06287243962287903,True,1e-06
Euler,160,0.00625,160,47,4,0.004337007001014268,0.034729719161987305,True,1e-06
Euler,160,0.00625,160,48,4,0.005511280395957842,0.05075885355472565,True,1e-06
Euler,160,0.00625,160,49,4,0.004690302800512121,0.04864611476659775,True,1e-06
Euler,160,0.00625,160,50,5,0.02113858527112465,0.28128886222839355,True,1.8178964562934237e-06
Euler,160,0.00625,160,51,5,0.0036822017259187123,0.025231286883354187,True,1e-06
Euler,160,0.00625,160,52,5,0.0031316105588112203,0.026898503303527832,True,1e-06
Euler,160,0.00625,160,53,5,0.002882607568267917,0.02115809917449951,True,1e-06
Euler,160,0.00625,160,54,5,0.0036420872673573693,0.025630533695220947,True,1e-06
Euler,160,0.00625,160,55,5,0.005207496224143705,0.04187822341918945,True,1e-06
Euler,160,0.00625,160,56,5,0.008673939284747955,0.07946890592575073,True,1.4590741595977263e-06
Euler,160,0.00625,160,57,5,0.006219336261100827,0.052651695907115936,True,1.2469731555051633e-06
Euler,160,0.00625,160,58,5,0.006336818214386984,0.06472086906433105,True,1e-06
Euler,160,0.00625,160,59,5,0.014282285698072007,0.16230235993862152,True,2.5425618519701875e-06
Euler,160,0.00625,160,60,6,0.008301871462440744,0.10662880539894104,True,1.7914387306596396e-06
Euler,160,0.00625,160,61,6,0.005822349726834514,0.049505963921546936,True,1e-06
Euler,160,0.00625,160,62,6,0.01638401630198565,0.21434339880943298,True,1e-06
Euler,160,0.00625,160,63,6,0.006907051736915579,0.08205854892730713,True,1.2142100713690488e-06
Euler,160,0.00625,160,64,6,0.005789512379326489,0.05752229690551758,True,1.059778896784065e-06
Euler,160,0.00625,160,65,6,0.006744957447118291,0.08610069751739502,True,1.0200925970424066e-06
Euler,160,0.00625,160,66,6,0.006630128086884942,0.08232328295707703,True,1e-06
Euler,160,0.00625,160,67,6,0.002971494222589343,0.02498728036880493,True,1e-06
Euler,160,0.00625,160,68,6,0.004668438573461451,0.05414357781410217,True,1e-06
Euler,160,0.00625,160,69,6,0.0036011515465772317,0.03937909007072449,True,1e-06
Euler,160,0.00625,160,70,7,0.006166151165223968,0.08136266376823187,True,1.002172487207418e-06
Euler,160,0.00625,160,71,7,0.00417546451796616,0.052943892776966095,True,1.3019912601984357e-06
Euler,160,0.00625,160,72,7,0.0034605491086736944,0.0315132737159729,True,1e-06
Euler,160,0.00625,160,73,7,0.004812229264518192,0.03983667492866516,True,1e-06
Euler,160,0.00625,160,74,7,0.0031740110382113907,0.02810455858707428,True,1e-06
Euler,160,0.00625,160,75,7,0.004807580115308619,0.06004747189581394,False,1e-06
Euler,160,0.00625,160,76,7,0.029256333650095737,0.3605915904045105,True,4.664503408117071e-06
Euler,160,0.00625,160,77,7,0.0021352008166181623,0.01992851495742798,True,1e-06
Euler,160,0.00625,160,78,7,0.003209887118807281,0.03340804576873779,True,1e-06
Euler,160,0.00625,160,79,7,0.004850205144472536,0.061393026262521744,True,1e-06
Euler,160,0.00625,160,80,8,0.002165740643290227,0.01902669668197632,True,1e-06
Euler,160,0.00625,160,81,8,0.0024315193250959823,0.017297089099884033,True,1e-06
Euler,160,0.00625,160,82,8,0.003649757902359768,0.03197115659713745,True,1e-06
Euler,160,0.00625,160,83,8,0.006292828667925491,0.07135683298110962,True,1e-06
Euler,160,0.00625,160,84,8,0.005311293372270846,0.04706142842769623,True,1.465383478007093e-06
Euler,160,0.00625,160,85,8,0.008815623219429611,0.0746295154094696,True,2.273783090272719e-06
Euler,160,0.00625,160,86,8,0.0028722480769308887,0.01964011788368225,True,1e-06
Euler,160,0.00625,160,87,8,0.01313462099638599,0.15059935301542282,True,1e-06
Euler,160,0.00625,160,88,8,0.007311196209701052,0.13672882318496704,True,2.2396403043488253e-06
Euler,160,0.00625,160,89,8,0.006678287274330109,0.08357816934585571,True,1.223397610678078e-06
Euler,160,0.00625,160,90,9,0.0023061868372347867,0.0306817889213562,True,2.216658055858132e-06
Euler,160,0.00625,160,91,9,0.0038925717650880385,0.029518067836761475,True,1e-06
Euler,160,0.00625,160,92,9,0.011226810383248563,0.10165300965309143,True,2.181670229268033e-06
Euler,160,0.00625,160,93,9,0.0027236948353682564,0.02457517385482788,True,1e-06
Euler,160,0.00625,160,94,9,0.003049038177060578,0.03451523184776306,False,1e-06
Euler,160,0.00625,160,95,9,0.0035344336999051677,0.03639876842498779,True,1e-06
Euler,160,0.00625,160,96,9,0.002919641697838218,0.017954766750335693,True,1.009288426726286e-06
Euler,160,0.00625,160,97,9,0.0038762006282698452,0.03787638247013092,True,1e-06
Euler,160,0.00625,160,98,9,0.001962494365698769,0.01479373499751091,True,1e-06
Euler,160,0.00625,160,99,9,0.004688692527485195,0.05204254388809204,True,1e-06
Euler,320,0.003125,320,0,0,0.0017859579141319161,0.011439681053161621,True,1e-06
Euler,320,0.003125,320,1,0,0.001966044766130385,0.01760929822921753,True,1e-06
Euler,320,0.003125,320,2,0,0.001862872637874488,0.014119327068328857,True,1e-06
Euler,320,0.003125,320,3,0,0.004902141340296345,0.06500166654586792,True,1e-06
Euler,320,0.003125,320,4,0,0.0016600366992106134,0.012069135904312134,True,1e-06
Euler,320,0.003125,320,5,0,0.004580162071063746,0.0407955264672637,True,1.7500830152219005e-06
Euler,320,0.003125,320,6,0,0.0020036340090433084,0.01699468493461609,True,1e-06
Euler,320,0.003125,320,7,0,0.002943797107302085,0.019894391298294067,True,1e-06
Euler,320,0.003125,320,8,0,0.0028582857851283676,0.019808560609817505,True,1e-06
Euler,320,0.003125,320,9,0,0.003699417155870393,0.02439311146736145,True,1e-06
Euler,320,0.003125,320,10,1,0.0018734503696873272,0.014345306903123856,True,1e-06
Euler,320,0.003125,320,11,1,0.0017653472595766289,0.015438556671142578,True,1e-06
Euler,320,0.003125,320,12,1,0.000986160688646001,0.009622931480407715,True,1e-06
Euler,320,0.003125,320,13,1,0.0007053125233588912,0.007937014102935791,True,1e-06
Euler,320,0.003125,320,14,1,0.001127909744892395,0.011185050010681152,True,1e-06
Euler,320,0.003125,320,15,1,0.0013828246744458392,0.01618713140487671,True,1.3317213891376878e-06
Euler,320,0.003125,320,16,1,0.0013817417168439565,0.015037894248962402,True,1e-06
Euler,320,0.003125,320,17,1,0.002128370152105861,0.029706478118896484,True,1e-06
Euler,320,0.003125,320,18,1,0.0018203184349279717,0.03424602746963501,True,1e-06
Euler,320,0.003125,320,19,1,0.001400463193452938,0.012574076652526855,True,1e-06
Euler,320,0.003125,320,20,2,0.0033571065726598326,0.0203130841255188,True,1.0868335440780543e-06
Euler,320,0.003125,320,21,2,0.0025645065708633013,0.02336592972278595,True,1e-06
Euler,320,0.003125,320,22,2,0.0012902334818794675,0.01373453438282013,True,1e-06
Euler,320,0.003125,320,23,2,0.0013058338198638603,0.010907739400863647,True,1.2352563854491178e-06
Euler,320,0.003125,320,24,2,0.0010104806109544821,0.0064160823822021484,True,1e-06
Euler,320,0.003125,320,25,2,0.009321605396478626,0.1331636682152748,True,2.339793996620816e-06
Euler,320,0.003125,320,26,2,0.005735728978703211,0.06769883632659912,True,1e-06
Euler,320,0.003125,320,27,2,0.003215559547010193,0.025612205266952515,True,1e-06
Euler,320,0.003125,320,28,2,0.002789202494710743,0.0276564359664917,True,2.1685488822251237e-06
Euler,320,0.003125,320,29,2,0.002841209936724854,0.028965473175048828,True,1e-06
Euler,320,0.003125,320,30,3,0.001286419123478189,0.01176917552947998,True,1.0251815674748809e-06
Euler,320,0.003125,320,31,3,0.0034320151101922694,0.025525033473968506,False,1.0058863599914548e-06
Euler,320,0.003125,320,32,3,0.0015297951935468663,0.010359078645706177,True,1e-06
Euler,320,0.003125,320,33,3,0.0022518412243663346,0.0177115797996521,True,1.1038277689729205e-06
Euler,320,0.003125,320,34,3,0.00378328069883092,0.03318047523498535,True,1.2764821486052176e-06
Euler,320,0.003125,320,35,3,0.002092614165391977,0.01958492398262024,True,2.024340481619809e-06
Euler,320,0.003125,320,36,3,0.001556153565614123,0.0129128098487854,True,1e-06
Euler,320,0.003125,320,37,3,0.005078112711158839,0.05171427130699158,True,1e-06
Euler,320,0.003125,320,38,3,0.003177200359776848,0.04029938578605652,True,1.062211266275174e-06
Euler,320,0.003125,320,39,3,0.002725013823734649,0.017260581254959106,True,1e-06
Euler,320,0.003125,320,40,4,0.0019240243111951646,0.01675856113433838,True,1e-06
Euler,320,0.003125,320,41,4,0.0035041116810313137,0.028221428394317627,True,1e-06
Euler,320,0.003125,320,42,4,0.011279726899898566,0.12199053168296814,True,2.5928913806302533e-06
Euler,320,0.003125,320,43,4,0.002133571842565044,0.01408739946782589,True,1e-06
Euler,320,0.003125,320,44,4,0.0016824274031252957,0.01486697793006897,True,1e-06
Euler,320,0.003125,320,45,4,0.0032661485969731154,0.03641355037689209,True,1.672302531494149e-06
Euler,320,0.003125,320,46,4,0.0022949780782305015,0.02640494704246521,True,1e-06
Euler,320,0.003125,320,47,4,0.0020366596767168923,0.01591619849205017,True,1e-06
Euler,320,0.003125,320,48,4,0.0031587852752258954,0.027983739972114563,True,1e-06
Euler,320,0.003125,320,49,4,0.0021813490114138186,0.01958460360765457,True,1e-06
Euler,320,0.003125,320,50,5,0.007924296209405952,0.10667756199836731,True,1.8178964562934237e-06
Euler,320,0.003125,320,51,5,0.001749506491249504,0.011391773819923401,True,1e-06
Euler,320,0.003125,320,52,5,0.0013961029594142108,0.009510159492492676,True,1e-06
Euler,320,0.003125,320,53,5,0.0013769619829854297,0.013953149318695068,True,1e-06
Euler,320,0.003125,320,54,5,0.0014788100867768421,0.01185518503189087,True,1e-06
Euler,320,0.003125,320,55,5,0.0023688797494807413,0.016412854194641113,True,1e-06
Euler,320,0.003125,320,56,5,0.003956879726830308,0.03488248586654663,True,1.4590741595977263e-06
Euler,320,0.003125,320,57,5,0.0024391432354465767,0.01732797920703888,True,1.2469731555051633e-06
Euler,320,0.003125,320,58,5,0.0032192934404321446,0.03162097930908203,True,1e-06
Euler,320,0.003125,320,59,5,0.01176118369068849,0.1322103887796402,True,2.5425618519701875e-06
Euler,320,0.003125,320,60,6,0.004279818319289165,0.07670527696609497,True,1.7914387306596396e-06
Euler,320,0.003125,320,61,6,0.00385560406747371,0.028807401657104492,True,1e-06
Euler,320,0.003125,320,62,6,0.006697894297136893,0.08861395716667175,True,1e-06
Euler,320,0.003125,320,63,6,0.002657402450420247,0.02886897325515747,True,1.2142100713690488e-06
Euler,320,0.003125,320,64,6,0.0024321673781353237,0.023542821407318115,True,1.059778896784065e-06
Euler,320,0.003125,320,65,6,0.002409040715443734,0.025424420833587646,True,1.0200925970424066e-06
Euler,320,0.003125,320,66,6,0.0032067346008301215,0.043385475873947144,True,1e-06
Euler,320,0.003125,320,67,6,0.0015366908599159783,0.014165818691253662,True,1e-06
Euler,320,0.003125,320,68,6,0.002251287028466178,0.024692296981811523,True,1e-06
Euler,320,0.003125,320,69,6,0.0015475160693429453,0.015859514474868774,True,1e-06
Euler,320,0.003125,320,70,7,0.003458077864465511,0.04355328809469938,True,1.002172487207418e-06
Euler,320,0.003125,320,71,7,0.0017302720611132797,0.02006623148918152,True,1.3019912601984357e-06
Euler,320,0.003125,320,72,7,0.0024938848068712257,0.03369492292404175,True,1e-06
Euler,320,0.003125,320,73,7,0.0028386321914111432,0.024687469005584717,True,1e-06
Euler,320,0.003125,320,74,7,0.0015214079493964193,0.011692523956298828,True,1e-06
Euler,320,0.003125,320,75,7,0.002310388596334649,0.02630089269950986,False,1e-06
Euler,320,0.003125,320,76,7,0.012818661692033193,0.1219698041677475,True,4.664503408117071e-06
Euler,320,0.003125,320,77,7,0.0008478899001176462,0.006181210279464722,True,1e-06
Euler,320,0.003125,320,78,7,0.0018472545482629305,0.01585400104522705,True,1e-06
Euler,320,0.003125,320,79,7,0.002508139743368976,0.034971505869179964,True,1e-06
Euler,320,0.003125,320,80,8,0.0014315964543071753,0.01610584557056427,True,1e-06
Euler,320,0.003125,320,81,8,0.0013688779024249294,0.010677635669708252,True,1e-06
Euler,320,0.003125,320,82,8,0.0016785285645721615,0.014598622918128967,True,1e-06
Euler,320,0.003125,320,83,8,0.002855619204251057,0.02724248170852661,True,1e-06
Euler,320,0.003125,320,84,8,0.0033738488217071225,0.03825332224369049,True,1.465383478007093e-06
Euler,320,0.003125,320,85,8,0.006528104241110919,0.05197322368621826,True,2.273783090272719e-06
Euler,320,0.003125,320,86,8,0.0013882713539528214,0.009469673037528992,True,1e-06
Euler,320,0.003125,320,87,8,0.0047502091303341445,0.038780659437179565,True,1e-06
Euler,320,0.003125,320,88,8,0.0011024098647131404,0.012970268726348877,True,2.2396403043488253e-06
Euler,320,0.003125,320,89,8,0.002882077858789004,0.03129172325134277,True,1.223397610678078e-06
Euler,320,0.003125,320,90,9,0.0011421746835194898,0.01245233416557312,True,2.216658055858132e-06
Euler,320,0.003125,320,91,9,0.0021580686278262653,0.016616642475128174,True,1e-06
Euler,320,0.003125,320,92,9,0.0060757980312257116,0.06860894337296486,True,2.181670229268033e-06
Euler,320,0.003125,320,93,9,0.0011948782634578394,0.011184990406036377,True,1e-06
Euler,320,0.003125,320,94,9,0.0014717583470288667,0.014977693557739258,False,1e-06
Euler,320,0.003125,320,95,9,0.0019039995674897993,0.017655223608016968,True,1e-06
Euler,320,0.003125,320,96,9,0.0013591138753207054,0.008851289749145508,True,1.009288426726286e-06
Euler,320,0.003125,320,97,9,0.0018757556837581165,0.01737731695175171,True,1e-06
Euler,320,0.003125,320,98,9,0.0013622156481625065,0.011233018711209297,True,1e-06
Euler,320,0.003125,320,99,9,0.0022986793511056876,0.028401434421539307,True,1e-06
Euler,640,0.0015625,640,0,0,0.0009351711258580405,0.005780220031738281,True,1e-06
Euler,640,0.0015625,640,1,0,0.0010017544133648466,0.008754640817642212,True,1e-06
Euler,640,0.0015625,640,2,0,0.0009689735055412511,0.007093608379364014,True,1e-06
Euler,640,0.0015625,640,3,0,0.0025074968866332656,0.034169018268585205,True,1e-06
Euler,640,0.0015625,640,4,0,0.000870132625320434,0.006082117557525635,True,1e-06
Euler,640,0.0015625,640,5,0,0.0023312257203896044,0.02085472084581852,True,1.7500830152219005e-06
Euler,640,0.0015625,640,6,0,0.0010254351543193287,0.008542880415916443,True,1e-06
Euler,640,0.0015625,640,7,0,0.0014741819315531265,0.009956568479537964,True,1e-06
Euler,640,0.0015625,640,8,0,0.0014502892466671752,0.009900182485580444,True,1e-06
Euler,640,0.0015625,640,9,0,0.0018769235929960166,0.012425512075424194,True,1e-06
Euler,640,0.0015625,640,10,1,0.000987521565308053,0.0073388367891311646,True,1e-06
Euler,640,0.0015625,640,11,1,0.0009245765444301382,0.0076634883880615234,True,1e-06
Euler,640,0.0015625,640,12,1,0.0005354329173474947,0.004836931824684143,True,1e-06
Euler,640,0.0015625,640,13,1,0.0004108354676824326,0.004756629467010498,True,1e-06
Euler,640,0.0015625,640,14,1,0.0006499998894488693,0.005523562431335449,True,1e-06
Euler,640,0.0015625,640,15,1,0.0007470155220638306,0.008213281631469727,True,1.3317213891376878e-06
Euler,640,0.0015625,640,16,1,0.0007172733584468555,0.007409572601318359,True,1e-06
Euler,640,0.0015625,640,17,1,0.0011145181043183054,0.01503288745880127,True,1e-06
Euler,640,0.0015625,640,18,1,0.0009406787078942043,0.01767754554748535,True,1e-06
Euler,640,0.0015625,640,19,1,0.0007454437094883296,0.0063193440437316895,True,1e-06
Euler,640,0.0015625,640,20,2,0.001699995758519172,0.010296344757080078,True,1.0868335440780543e-06
Euler,640,0.0015625,640,21,2,0.0013181194877127877,0.01187676191329956,True,1e-06
Euler,640,0.0015625,640,22,2,0.0006954594178140636,0.00686115026473999,True,1e-06
Euler,640,0.0015625,640,23,2,0.0006953151299699768,0.005499422550201416,True,1.2352563854491178e-06
Euler,640,0.0015625,640,24,2,0.0005511971864498685,0.0032519102096557617,True,1e-06
Euler,640,0.0015625,640,25,2,0.004725263969984194,0.06670748442411423,True,2.339793996620816e-06
Euler,640,0.0015625,640,26,2,0.0028298790199739496,0.03206390142440796,True,1e-06
Euler,640,0.0015625,640,27,2,0.0016389866925207676,0.012768357992172241,True,1e-06
Euler,640,0.0015625,640,28,2,0.0014022982433546647,0.014026254415512085,True,2.1685488822251237e-06
Euler,640,0.0015625,640,29,2,0.0014432104921955598,0.01456788182258606,True,1e-06
Euler,640,0.0015625,640,30,3,0.0006959480449510512,0.0058097243309021,True,1.0251815674748809e-06
Euler,640,0.0015625,640,31,3,0.0017390447485615794,0.01290065050125122,False,1.0058863599914548e-06
Euler,640,0.0015625,640,32,3,0.0007770814079817102,0.0051707923412323,True,1e-06
Euler,640,0.0015625,640,33,3,0.0011524296510208953,0.008646935224533081,True,1.1038277689729205e-06
Euler,640,0.0015625,640,34,3,0.0018756783214705646,0.016281813383102417,True,1.2764821486052176e-06
Euler,640,0.0015625,640,35,3,0.0010750148658623272,0.009724311530590057,True,2.024340481619809e-06
Euler,640,0.0015625,640,36,3,0.0008050090308495293,0.0064905136823654175,True,1e-06
Euler,640,0.0015625,640,37,3,0.0025694169155337115,0.026273369789123535,True,1e-06
Euler,640,0.0015625,640,38,3,0.0016054139347083881,0.02009066939353943,True,1.062211266275174e-06
Euler,640,0.0015625,640,39,3,0.0013894395002030963,0.008699275553226471,True,1e-06
Euler,640,0.0015625,640,40,4,0.0010118657026432596,0.008415579795837402,True,1e-06
Euler,640,0.0015625,640,41,4,0.0017794623470745227,0.014307916164398193,True,1e-06
Euler,640,0.0015625,640,42,4,0.005536616802380831,0.05906441807746887,True,2.5928913806302533e-06
Euler,640,0.0015625,640,43,4,0.0011135462196684056,0.007231086492538452,True,1e-06
Euler,640,0.0015625,640,44,4,0.0008932905083878916,0.007477015256881714,True,1e-06
Euler,640,0.0015625,640,45,4,0.0016714480430179994,0.018450379371643066,True,1.672302531494149e-06
Euler,640,0.0015625,640,46,4,0.001175930282447089,0.013103097677230835,True,1e-06
Euler,640,0.0015625,640,47,4,0.0010529843197397283,0.007911324501037598,True,1e-06
Euler,640,0.0015625,640,48,4,0.0016275961591356188,0.01424756646156311,True,1e-06
Euler,640,0.0015625,640,49,4,0.0011211614344986162,0.009797312319278717,True,1e-06
Euler,640,0.0015625,640,50,5,0.003969697525807503,0.0527610182762146,True,1.8178964562934237e-06
Euler,640,0.0015625,640,51,5,0.0009215024893307667,0.005681276321411133,True,1e-06
Euler,640,0.0015625,640,52,5,0.0007661172373906108,0.00483664870262146,True,1e-06
Euler,640,0.0015625,640,53,5,0.0007673523920031628,0.007154226303100586,True,1e-06
Euler,640,0.0015625,640,54,5,0.0007884089319706207,0.006029188632965088,True,1e-06
Euler,640,0.0015625,640,55,5,0.00120722148810634,0.008229672908782959,True,1e-06
Euler,640,0.0015625,640,56,5,0.001994954529488761,0.017258822917938232,True,1.4590741595977263e-06
Euler,640,0.0015625,640,57,5,0.001241487040848133,0.008744433522224426,True,1.2469731555051633e-06
Euler,640,0.0015625,640,58,5,0.0015984978834419768,0.015677571296691895,True,1e-06
Euler,640,0.0015625,640,59,5,0.005454300636314019,0.05987817049026489,True,2.5425618519701875e-06
Euler,640,0.0015625,640,60,6,0.002238135504228393,0.04042896628379822,True,1.7914387306596396e-06
Euler,640,0.0015625,640,61,6,0.001951790645378928,0.014364898204803467,True,1e-06
Euler,640,0.0015625,640,62,6,0.003320094789419666,0.043406903743743896,True,1e-06
Euler,640,0.0015625,640,63,6,0.001340778741325352,0.014255702495574951,True,1.2142100713690488e-06
Euler,640,0.0015625,640,64,6,0.0012411183088523196,0.01170361042022705,True,1.059778896784065e-06
Euler,640,0.0015625,640,65,6,0.0012094273348952102,0.01237332820892334,True,1.0200925970424066e-06
Euler,640,0.0015625,640,66,6,0.0016395969426197833,0.022016555070877075,True,1e-06
Euler,640,0.0015625,640,67,6,0.0008284211468873129,0.007154911756515503,True,1e-06
Euler,640,0.0015625,640,68,6,0.001154376861749845,0.0122547447681427,True,1e-06
Euler,640,0.0015625,640,69,6,0.0008337461298976774,0.007891476154327393,True,1e-06
Euler,640,0.0015625,640,70,7,0.001755214910561514,0.02185553777962923,True,1.002172487207418e-06
Euler,640,0.0015625,640,71,7,0.0008923206193528543,0.009954981505870819,True,1.3019912601984357e-06
Euler,640,0.0015625,640,72,7,0.0013144606880462564,0.01773667335510254,True,1e-06
Euler,640,0.0015625,640,73,7,0.0014452015815076434,0.012319013476371765,True,1e-06
Euler,640,0.0015625,640,74,7,0.0008139683526183508,0.005966484546661377,True,1e-06
Euler,640,0.0015625,640,75,7,0.0011605554059784698,0.01303352601826191,False,1e-06
Euler,640,0.0015625,640,76,7,0.006153133599766525,0.058247506618499756,True,4.664503408117071e-06
Euler,640,0.0015625,640,77,7,0.000515667522321892,0.003081798553466797,True,1e-06
Euler,640,0.0015625,640,78,7,0.0009571310399407806,0.007942110300064087,True,1e-06
Euler,640,0.0015625,640,79,7,0.0013044633844061862,0.017906801775097847,True,1e-06
Euler,640,0.0015625,640,80,8,0.0007697166818235595,0.007949665188789368,True,1e-06
Euler,640,0.0015625,640,81,8,0.0007416841526938094,0.005338788032531738,True,1e-06
Euler,640,0.0015625,640,82,8,0.0008724934557509863,0.007296472787857056,True,1e-06
Euler,640,0.0015625,640,83,8,0.001450096263850416,0.013740301132202148,True,1e-06
Euler,640,0.0015625,640,84,8,0.0016845214243432639,0.019011959433555603,True,1.465383478007093e-06
Euler,640,0.0015625,640,85,8,0.003315924519047629,0.027043402194976807,True,2.273783090272719e-06
Euler,640,0.0015625,640,86,8,0.0007101794765751486,0.004733026027679443,True,1e-06
Euler,640,0.0015625,640,87,8,0.0023912249538616866,0.01957184076309204,True,1e-06
Euler,640,0.0015625,640,88,8,0.0006472139348395799,0.007073104381561279,True,2.2396403043488253e-06
Euler,640,0.0015625,640,89,8,0.0014712190149693155,0.0162661075592041,True,1.223397610678078e-06
Euler,640,0.0015625,640,90,9,0.0005764234002015975,0.006166934967041016,True,2.216658055858132e-06
Euler,640,0.0015625,640,91,9,0.0011169536146495448,0.008175045251846313,True,1e-06
Euler,640,0.0015625,640,92,9,0.003021700702676358,0.03494641184806824,True,2.181670229268033e-06
Euler,640,0.0015625,640,93,9,0.0006636822456691009,0.005639553070068359,True,1e-06
Euler,640,0.0015625,640,94,9,0.0007787548089961463,0.007454186677932739,False,1e-06
Euler,640,0.0015625,640,95,9,0.000983903091596483,0.008790850639343262,True,1e-06
Euler,640,0.0015625,640,96,9,0.0007274224744821423,0.004515230655670166,True,1.009288426726286e-06
Euler,640,0.0015625,640,97,9,0.000989699456381612,0.008791573345661163,True,1e-06
Euler,640,0.0015625,640,98,9,0.0007404973448106922,0.0056775715202093124,True,1e-06
Euler,640,0.0015625,640,99,9,0.0012138436396788434,0.014571189880371094,True,1e-06
Heun,1,1.0,2,0,0,1.1213111859065479,4.693783402442932,False,1e-06
Heun,1,1.0,2,1,0,1.1177669958863812,3.333596110343933,False,1e-06
Heun,1,1.0,2,2,0,1.1224336924476657,5.121038556098938,False,1e-06
Heun,1,1.0,2,3,0,1.182674287478812,4.182359158992767,False,1e-06
Heun,1,1.0,2,4,0,1.1336128336579643,4.121367871761322,False,1e-06
Heun,1,1.0,2,5,0,1.1329261885071984,3.9721035957336426,False,1.7500830152219005e-06
Heun,1,1.0,2,6,0,1.11335951035186,5.027923822402954,False,1e-06
Heun,1,1.0,2,7,0,1.0859474863559018,4.012117505073547,False,1e-06
Heun,1,1.0,2,8,0,1.1370859909630187,4.3602399826049805,False,1e-06
Heun,1,1.0,2,9,0,1.1374180368369498,4.090085744857788,False,1e-06
Heun,1,1.0,2,10,1,1.1772775026622513,3.8655893206596375,False,1e-06
Heun,1,1.0,2,11,1,1.164690889768613,4.567057490348816,False,1e-06
Heun,1,1.0,2,12,1,1.1572213989745084,4.164884865283966,False,1e-06
Heun,1,1.0,2,13,1,1.153306564082919,3.626585900783539,False,1e-06
Heun,1,1.0,2,14,1,1.1711382749200077,4.000281095504761,False,1e-06
Heun,1,1.0,2,15,1,1.1494770936575138,3.561401844024658,False,1.3317213891376878e-06
Heun,1,1.0,2,16,1,1.1678662373444475,3.93526029586792,False,1e-06
Heun,1,1.0,2,17,1,1.1887324870281988,3.9758716821670532,False,1e-06
Heun,1,1.0,2,18,1,1.190358060698621,3.821337103843689,False,1e-06
Heun,1,1.0,2,19,1,1.1574109045797092,4.149656653404236,False,1e-06
Heun,1,1.0,2,20,2,1.0855971091390857,3.8510751128196716,False,1.0868335440780543e-06
Heun,1,1.0,2,21,2,1.1093679126497589,3.6257641911506653,False,1e-06
Heun,1,1.0,2,22,2,1.0667356955527436,3.4919968843460083,False,1e-06
Heun,1,1.0,2,23,2,1.0659811464525542,3.911562442779541,False,1.2352563854491178e-06
Heun,1,1.0,2,24,2,1.0634448434628379,3.9477570056915283,False,1e-06
Heun,1,1.0,2,25,2,1.128205455767629,3.2538928985595703,False,2.339793996620816e-06
Heun,1,1.0,2,26,2,1.1257459370166136,3.4789090156555176,False,1e-06
Heun,1,1.0,2,27,2,1.113623979441781,3.4615964889526367,False,1e-06
Heun,1,1.0,2,28,2,1.0526612795444388,3.6029380559921265,False,2.1685488822251237e-06
Heun,1,1.0,2,29,2,1.1395730787693792,3.7655773162841797,False,1e-06
Heun,1,1.0,2,30,3,1.0861879057201687,3.9028406739234924,False,1.0251815674748809e-06
Heun,1,1.0,2,31,3,1.1008121112609524,3.5578413009643555,False,1.0058863599914548e-06
Heun,1,1.0,2,32,3,1.0971629620565793,3.533015489578247,True,1e-06
Heun,1,1.0,2,33,3,1.1261787389052131,3.4105557799339294,True,1.1038277689729205e-06
Heun,1,1.0,2,34,3,1.1143362617075123,3.990856409072876,False,1.2764821486052176e-06
Heun,1,1.0,2,35,3,1.0987786779153432,4.814750909805298,True,2.024340481619809e-06
Heun,1,1.0,2,36,3,1.093918920089647,4.783414840698242,False,1e-06
Heun,1,1.0,2,37,3,1.1761015911312835,3.562940239906311,True,1e-06
Heun,1,1.0,2,38,3,1.113614846100464,3.9037243127822876,False,1.062211266275174e-06
Heun,1,1.0,2,39,3,1.1037091239074903,3.4916982650756836,False,1e-06
Heun,1,1.0,2,40,4,1.100403555188921,3.75695937871933,False,1e-06
Heun,1,1.0,2,41,4,1.1211494121226762,3.9343578815460205,False,1e-06
Heun,1,1.0,2,42,4,1.1254893057126647,3.842065751552582,False,2.5928913806302533e-06
Heun,1,1.0,2,43,4,1.1390342382887328,4.543772041797638,False,1e-06
Heun,1,1.0,2,44,4,1.066701248594948,3.1992335319519043,False,1e-06
Heun,1,1.0,2,45,4,1.1168949795272238,4.325227379798889,False,1.672302531494149e-06
Heun,1,1.0,2,46,4,1.0723231132723399,3.825255811214447,False,1e-06
Heun,1,1.0,2,47,4,1.1355144677205875,4.501050353050232,False,1e-06
Heun,1,1.0,2,48,4,1.1181233854400316,3.7481911182403564,False,1e-06
Heun,1,1.0,2,49,4,1.094024842845876,4.009004592895508,False,1e-06
Heun,1,1.0,2,50,5,1.1044685712053057,3.9852393865585327,True,1.8178964562934237e-06
Heun,1,1.0,2,51,5,1.117687681306947,3.456294536590576,True,1e-06
Heun,1,1.0,2,52,5,1.1003262532941538,3.508865475654602,True,1e-06
Heun,1,1.0,2,53,5,1.0977150657244787,4.274213552474976,True,1e-06
Heun,1,1.0,2,54,5,1.1139215331349737,3.9216877222061157,False,1e-06
Heun,1,1.0,2,55,5,1.1282240149865268,4.2729172706604,True,1e-06
Heun,1,1.0,2,56,5,1.106162110509993,3.17059189081192,True,1.4590741595977263e-06
Heun,1,1.0,2,57,5,1.1474818169647878,3.9373928904533386,True,1.2469731555051633e-06
Heun,1,1.0,2,58,5,1.117854448370061,4.636048436164856,True,1e-06
Heun,1,1.0,2,59,5,1.1017020010507586,3.8981831669807434,True,2.5425618519701875e-06
Heun,1,1.0,2,60,6,1.0944049019465516,3.553884267807007,False,1.7914387306596396e-06
Heun,1,1.0,2,61,6,1.1545917794068616,3.879461884498596,False,1e-06
Heun,1,1.0,2,62,6,1.0993773297558656,4.168596148490906,False,1e-06
Heun,1,1.0,2,63,6,1.0894900375196237,3.7162197828292847,False,1.2142100713690488e-06
Heun,1,1.0,2,64,6,1.1065803173429833,4.456402003765106,False,1.059778896784065e-06
Heun,1,1.0,2,65,6,1.1033978911035311,3.452996850013733,False,1.0200925970424066e-06
Heun,1,1.0,2,66,6,1.096951166216884,3.712093770503998,False,1e-06
Heun,1,1.0,2,67,6,1.1109267763384807,3.846347153186798,False,1e-06
Heun,1,1.0,2,68,6,1.1343018615700693,3.709552228450775,False,1e-06
Heun,1,1.0,2,69,6,1.1115449227971737,4.027867138385773,False,1e-06
Heun,1,1.0,2,70,7,1.121774911685732,4.098749399185181,False,1.002172487207418e-06
Heun,1,1.0,2,71,7,1.072473581679684,4.158116102218628,False,1.3019912601984357e-06
Heun,1,1.0,2,72,7,1.1415719156998383,3.2229299545288086,False,1e-06
Heun,1,1.0,2,73,7,1.137618513057907,3.1751983165740967,False,1e-06
Heun,1,1.0,2,74,7,1.0832927473409646,3.672820806503296,False,1e-06
Heun,1,1.0,2,75,7,1.1130162907391965,3.697380840778351,False,1e-06
Heun,1,1.0,2,76,7,1.1478677382572002,3.7903449535369873,False,4.664503408117071e-06
Heun,1,1.0,2,77,7,1.0412401401927471,3.435270130634308,True,1e-06
Heun,1,1.0,2,78,7,1.075285069570996,3.68479460477829,False,1e-06
Heun,1,1.0,2,79,7,1.0972315431210047,4.584087252616882,False,1e-06
Heun,1,1.0,2,80,8,1.0939345744050835,3.5955575108528137,False,1e-06
Heun,1,1.0,2,81,8,1.1607106476059406,4.13666832447052,False,1e-06
Heun,1,1.0,2,82,8,1.1294593114437057,3.771632671356201,False,1e-06
Heun,1,1.0,2,83,8,1.0908971642469725,4.260875642299652,False,1e-06
Heun,1,1.0,2,84,8,1.1509186579009862,3.375822424888611,False,1.465383478007093e-06
Heun,1,1.0,2,85,8,1.2101574002613753,4.231248497962952,False,2.273783090272719e-06
Heun,1,1.0,2,86,8,1.1157414862737043,3.3911643028259277,False,1e-06
Heun,1,1.0,2,87,8,1.1806182958777733,4.315726161003113,False,1e-06
Heun,1,1.0,2,88,8,1.1034288903867648,3.9258357286453247,False,2.2396403043488253e-06
Heun,1,1.0,2,89,8,1.0916936989117354,3.5827083587646484,False,1.223397610678078e-06
Heun,1,1.0,2,90,9,1.1012011823245293,3.8223527669906616,False,2.216658055858132e-06
Heun,1,1.0,2,91,9,1.1173126003452156,3.9967573285102844,False,1e-06
Heun,1,1.0,2,92,9,1.101566373095595,3.552988111972809,False,2.181670229268033e-06
Heun,1,1.0,2,93,9,1.095859645860636,3.7209335565567017,False,1e-06
Heun,1,1.0,2,94,9,1.0780640861482258,3.3851120471954346,False,1e-06
Heun,1,1.0,2,95,9,1.129839352633644,4.404607534408569,False,1e-06
Heun,1,1.0,2,96,9,1.120070186699632,4.782131671905518,False,1.009288426726286e-06
Heun,1,1.0,2,97,9,1.0893381253492962,3.397998571395874,False,1e-06
Heun,1,1.0,2,98,9,1.1127525110925354,3.7383331060409546,False,1e-06
Heun,1,1.0,2,99,9,1.1010021626265156,4.318483233451843,False,1e-06
Heun,2,0.5,4,0,0,0.5128346160147316,2.224444806575775,True,1e-06
Heun,2,0.5,4,1,0,0.5318618926404295,1.7836093306541443,True,1e-06
Heun,2,0.5,4,2,0,0.5394985157450612,2.528340756893158,True,1e-06
Heun,2,0.5,4,3,0,0.5767939166369848,2.9975693225860596,True,1e-06
Heun,2,0.5,4,4,0,0.4168968331140707,1.867034912109375,True,1e-06
Heun,2,0.5,4,5,0,0.6233299226931279,2.6390509605407715,True,1.7500830152219005e-06
Heun,2,0.5,4,6,0,0.57107687973284,2.3427205681800842,True,1e-06
Heun,2,0.5,4,7,0,0.4616718295445689,2.4262038469314575,True,1e-06
Heun,2,0.5,4,8,0,0.5679940709285991,2.5299655199050903,True,1e-06
Heun,2,0.5,4,9,0,0.5300685879835135,3.0636112689971924,True,1e-06
Heun,2,0.5,4,10,1,0.5025974704515663,2.2544921040534973,True,1e-06
Heun,2,0.5,4,11,1,0.5601194783743664,2.170977294445038,True,1e-06
Heun,2,0.5,4,12,1,0.4811809766965234,1.89472097158432,True,1e-06
Heun,2,0.5,4,13,1,0.49930049829628237,1.9353989958763123,True,1e-06
Heun,2,0.5,4,14,1,0.43624642027646804,1.5795741081237793,True,1e-06
Heun,2,0.5,4,15,1,0.5253920599395056,1.9436340928077698,True,1.3317213891376878e-06
Heun,2,0.5,4,16,1,0.35848785194031313,1.4027374982833862,True,1e-06
Heun,2,0.5,4,17,1,0.5558869144906774,2.560291588306427,True,1e-06
Heun,2,0.5,4,18,1,0.4092676600240379,1.6332722902297974,True,1e-06
Heun,2,0.5,4,19,1,0.4798917068683296,3.1990323662757874,True,1e-06
Heun,2,0.5,4,20,2,0.5048622048937345,1.87865149974823,True,1.0868335440780543e-06
Heun,2,0.5,4,21,2,0.5378771737901972,2.2552844882011414,True,1e-06
Heun,2,0.5,4,22,2,0.4090463280320259,2.1714383363723755,True,1e-06
Heun,2,0.5,4,23,2,0.3637511481260337,1.8445600867271423,True,1.2352563854491178e-06
Heun,2,0.5,4,24,2,0.4401950569755013,1.8867804408073425,True,1e-06
Heun,2,0.5,4,25,2,0.5861515881317368,2.9874976873397827,True,2.339793996620816e-06
Heun,2,0.5,4,26,2,0.5760034611656079,2.8536736965179443,True,1e-06
Heun,2,0.5,4,27,2,0.6340689807793544,3.0862836837768555,True,1e-06
Heun,2,0.5,4,28,2,0.41883723499138376,2.1254239678382874,True,2.1685488822251237e-06
Heun,2,0.5,4,29,2,0.3901040172478245,1.435647964477539,True,1e-06
Heun,2,0.5,4,30,3,0.5299599232826302,2.5072267055511475,True,1.0251815674748809e-06
Heun,2,0.5,4,31,3,0.6297127539575263,2.1651564836502075,True,1.0058863599914548e-06
Heun,2,0.5,4,32,3,0.44951078986534065,1.989882230758667,True,1e-06
Heun,2,0.5,4,33,3,0.4937217481240402,2.52971750497818,True,1.1038277689729205e-06
Heun,2,0.5,4,34,3,0.5978536886622806,2.3819759488105774,True,1.2764821486052176e-06
Heun,2,0.5,4,35,3,0.5117207997259808,2.2340099811553955,True,2.024340481619809e-06
Heun,2,0.5,4,36,3,0.36130198776476086,1.1396148800849915,True,1e-06
Heun,2,0.5,4,37,3,0.6040295865371798,2.7308422327041626,True,1e-06
Heun,2,0.5,4,38,3,0.5787053039892661,2.203163981437683,True,1.062211266275174e-06
Heun,2,0.5,4,39,3,0.4957396577520199,2.1892349123954773,True,1e-06
Heun,2,0.5,4,40,4,0.5612364955441669,2.083516776561737,True,1e-06
Heun,2,0.5,4,41,4,0.6284514878590128,2.702631652355194,True,1e-06
Heun,2,0.5,4,42,4,0.5594924656937462,2.3284152150154114,True,2.5928913806302533e-06
Heun,2,0.5,4,43,4,0.5816592922065373,2.4761735796928406,True,1e-06
Heun,2,0.5,4,44,4,0.41606516558762613,1.6162107586860657,True,1e-06
Heun,2,0.5,4,45,4,0.6124700883066775,2.19259774684906,True,1.672302531494149e-06
Heun,2,0.5,4,46,4,0.41138086575475286,1.9965271949768066,True,1e-06
Heun,2,0.5,4,47,4,0.48510073431288064,2.782576262950897,True,1e-06
Heun,2,0.5,4,48,4,0.4541190799737856,1.8768739700317383,True,1e-06
Heun,2,0.5,4,49,4,0.447920381978941,2.1290112733840942,True,1e-06
Heun,2,0.5,4,50,5,0.5901998439011277,2.7990021109580994,True,1.8178964562934237e-06
Heun,2,0.5,4,51,5,0.5378020664355012,2.7728410959243774,True,1e-06
Heun,2,0.5,4,52,5,0.49377461603310097,1.9852169156074524,True,1e-06
Heun,2,0.5,4,53,5,0.4754601036168848,2.2469193935394287,True,1e-06
Heun,2,0.5,4,54,5,0.4309038521612111,2.0732786655426025,True,1e-06
Heun,2,0.5,4,55,5,0.5857228847389115,2.7528340816497803,True,1e-06
Heun,2,0.5,4,56,5,0.5460169617215967,2.253305435180664,True,1.4590741595977263e-06
Heun,2,0.5,4,57,5,0.45419967174591785,2.037563443183899,False,1.2469731555051633e-06
Heun,2,0.5,4,58,5,0.612219827284876,2.6647040843963623,True,1e-06
Heun,2,0.5,4,59,5,0.5736051454530321,3.056805670261383,True,2.5425618519701875e-06
Heun,2,0.5,4,60,6,0.5223848295536895,2.5543577671051025,True,1.7914387306596396e-06
Heun,2,0.5,4,61,6,0.570291604570886,2.5874698162078857,True,1e-06
Heun,2,0.5,4,62,6,0.5880616784538515,2.1051390171051025,True,1e-06
Heun,2,0.5,4,63,6,0.5813658959042387,2.0681724548339844,True,1.2142100713690488e-06
Heun,2,0.5,4,64,6,0.5964192687692892,3.0940393805503845,True,1.059778896784065e-06
Heun,2,0.5,4,65,6,0.5223844796697925,3.2453051805496216,True,1.0200925970424066e-06
Heun,2,0.5,4,66,6,0.5574106163823395,2.344560146331787,True,1e-06
Heun,2,0.5,4,67,6,0.48712786105321204,2.0195558667182922,True,1e-06
Heun,2,0.5,4,68,6,0.4625066068016709,1.9914571046829224,True,1e-06
Heun,2,0.5,4,69,6,0.5046123152887536,1.8781567215919495,True,1e-06
Heun,2,0.5,4,70,7,0.5214456548481142,2.5620389580726624,True,1.002172487207418e-06
Heun,2,0.5,4,71,7,0.3959671689048423,1.3819225430488586,True,1.3019912601984357e-06
Heun,2,0.5,4,72,7,0.61441180350364,2.5143680572509766,True,1e-06
Heun,2,0.5,4,73,7,0.5440994311633045,2.296462059020996,True,1e-06
Heun,2,0.5,4,74,7,0.4308556751287717,1.7969458103179932,True,1e-06
Heun,2,0.5,4,75,7,0.569288751273009,1.7564197182655334,True,1e-06
Heun,2,0.5,4,76,7,0.6583522460894592,2.9080916047096252,True,4.664503408117071e-06
Heun,2,0.5,4,77,7,0.4299413784058905,1.9380972385406494,True,1e-06
Heun,2,0.5,4,78,7,0.5556208523948155,2.3138508200645447,True,1e-06
Heun,2,0.5,4,79,7,0.5608072463483734,2.4655343294143677,True,1e-06
Heun,2,0.5,4,80,8,0.49373067000598353,2.211042284965515,True,1e-06
Heun,2,0.5,4,81,8,0.3799477903156811,1.1692928075790405,True,1e-06
Heun,2,0.5,4,82,8,0.41362572299151423,2.0284801721572876,True,1e-06
Heun,2,0.5,4,83,8,0.5609468181414154,2.0981730222702026,True,1e-06
Heun,2,0.5,4,84,8,0.5290536273401859,2.048271894454956,True,1.465383478007093e-06
Heun,2,0.5,4,85,8,0.7539079643668217,3.4548362493515015,True,2.273783090272719e-06
Heun,2,0.5,4,86,8,0.3970593047190381,1.276370257139206,True,1e-06
Heun,2,0.5,4,87,8,0.6458165275692717,3.0457476377487183,True,1e-06
Heun,2,0.5,4,88,8,0.39813840859883953,1.3448955416679382,True,2.2396403043488253e-06
Heun,2,0.5,4,89,8,0.5359858866315363,2.0491485483944416,True,1.223397610678078e-06
Heun,2,0.5,4,90,9,0.3134162717294635,1.2515547275543213,True,2.216658055858132e-06
Heun,2,0.5,4,91,9,0.540070668671984,2.1322298645973206,True,1e-06
Heun,2,0.5,4,92,9,0.5480396992761898,2.1322309970855713,True,2.181670229268033e-06
Heun,2,0.5,4,93,9,0.3881072147804073,1.7901909947395325,True,1e-06
Heun,2,0.5,4,94,9,0.41788465091500093,1.6040912866592407,True,1e-06
Heun,2,0.5,4,95,9,0.38162112532915976,1.3272058069705963,True,1e-06
Heun,2,0.5,4,96,9,0.4614269470113622,1.673156976699829,True,1.009288426726286e-06
Heun,2,0.5,4,97,9,0.45665615795484416,1.9733588695526123,True,1e-06
Heun,2,0.5,4,98,9,0.40611798373987634,1.6289103031158447,True,1e-06
Heun,2,0.5,4,99,9,0.43497708869201174,1.6040357947349548,True,1e-06
Heun,3,0.3333333333333333,6,0,0,0.33191841605050354,1.6623809933662415,True,1e-06
Heun,3,0.3333333333333333,6,1,0,0.3711292764594504,1.2818852663040161,True,1e-06
Heun,3,0.3333333333333333,6,2,0,0.42723712109261136,2.4171822667121887,True,1e-06
Heun,3,0.3333333333333333,6,3,0,0.3460863612690657,1.8083134293556213,True,1e-06
Heun,3,0.3333333333333333,6,4,0,0.26869555912123105,1.2976120114326477,True,1e-06
Heun,3,0.3333333333333333,6,5,0,0.37405794138317017,1.6219899654388428,True,1.7500830152219005e-06
Heun,3,0.3333333333333333,6,6,0,0.3465425112393764,1.3273085355758667,True,1e-06
Heun,3,0.3333333333333333,6,7,0,0.3369494324186223,1.2280715703964233,True,1e-06
Heun,3,0.3333333333333333,6,8,0,0.31510341758595745,1.5178909301757812,True,1e-06
Heun,3,0.3333333333333333,6,9,0,0.3346963242490412,1.7010451555252075,True,1e-06
Heun,3,0.3333333333333333,6,10,1,0.3305275232938007,1.4916475415229797,True,1e-06
Heun,3,0.3333333333333333,6,11,1,0.3349387194507449,1.5092229843139648,True,1e-06
Heun,3,0.3333333333333333,6,12,1,0.3148915934359995,1.1115956157445908,True,1e-06
Heun,3,0.3333333333333333,6,13,1,0.3088356046077789,1.3417877554893494,True,1e-06
Heun,3,0.3333333333333333,6,14,1,0.2307064936679993,1.014660894870758,True,1e-06
Heun,3,0.3333333333333333,6,15,1,0.31609339723211316,1.272709846496582,True,1.3317213891376878e-06
Heun,3,0.3333333333333333,6,16,1,0.2593372038901221,1.2252810895442963,True,1e-06
Heun,3,0.3333333333333333,6,17,1,0.34316421568203115,1.437735378742218,True,1e-06
Heun,3,0.3333333333333333,6,18,1,0.288167499060623,1.5998667478561401,True,1e-06
Heun,3,0.3333333333333333,6,19,1,0.2881097992099314,1.5883373618125916,True,1e-06
Heun,3,0.3333333333333333,6,20,2,0.3664897219414004,1.531620442867279,True,1.0868335440780543e-06
Heun,3,0.3333333333333333,6,21,2,0.3725524059370497,1.4451152682304382,True,1e-06
Heun,3,0.3333333333333333,6,22,2,0.3322085535236801,1.605556845664978,True,1e-06
Heun,3,0.3333333333333333,6,23,2,0.3158385619211118,1.4156960248947144,True,1.2352563854491178e-06
Heun,3,0.3333333333333333,6,24,2,0.3246564950921713,1.3201334178447723,True,1e-06
Heun,3,0.3333333333333333,6,25,2,0.3547410384774027,1.2955453097820282,True,2.339793996620816e-06
Heun,3,0.3333333333333333,6,26,2,0.3872880189097692,2.2416712641716003,True,1e-06
Heun,3,0.3333333333333333,6,27,2,0.4497708202380738,2.214133620262146,True,1e-06
Heun,3,0.3333333333333333,6,28,2,0.28626694164568967,2.0530340671539307,True,2.1685488822251237e-06
Heun,3,0.3333333333333333,6,29,2,0.27495608087952467,1.4265518188476562,True,1e-06
Heun,3,0.3333333333333333,6,30,3,0.33674869042412736,1.249762773513794,True,1.0251815674748809e-06
Heun,3,0.3333333333333333,6,31,3,0.3427191315265165,1.4354034662246704,False,1.0058863599914548e-06
Heun,3,0.3333333333333333,6,32,3,0.31610043138574595,1.354752004146576,True,1e-06
Heun,3,0.3333333333333333,6,33,3,0.3225415050610322,1.383893758058548,True,1.1038277689729205e-06
Heun,3,0.3333333333333333,6,34,3,0.44392296203330633,1.9782109260559082,True,1.2764821486052176e-06
Heun,3,0.3333333333333333,6,35,3,0.3273077205475808,1.2649304270744324,True,2.024340481619809e-06
Heun,3,0.3333333333333333,6,36,3,0.2589035005399826,0.9360817968845367,True,1e-06
Heun,3,0.3333333333333333,6,37,3,0.3883374172666183,1.3361047506332397,True,1e-06
Heun,3,0.3333333333333333,6,38,3,0.34246157241987973,1.6978792548179626,True,1.062211266275174e-06
Heun,3,0.3333333333333333,6,39,3,0.31231726175903185,1.642688274383545,True,1e-06
Heun,3,0.3333333333333333,6,40,4,0.35291961448387543,1.2994984984397888,True,1e-06
Heun,3,0.3333333333333333,6,41,4,0.41729705791123645,2.190612018108368,True,1e-06
Heun,3,0.3333333333333333,6,42,4,0.4143718076628279,2.092412233352661,True,2.5928913806302533e-06
Heun,3,0.3333333333333333,6,43,4,0.3394609422999988,1.7355636954307556,True,1e-06
Heun,3,0.3333333333333333,6,44,4,0.3283823593825907,1.2391315698623657,True,1e-06
Heun,3,0.3333333333333333,6,45,4,0.35865725464937986,1.313094675540924,True,1.672302531494149e-06
Heun,3,0.3333333333333333,6,46,4,0.31312353702907947,1.6955605745315552,True,1e-06
Heun,3,0.3333333333333333,6,47,4,0.3213318331067533,1.8532384037971497,True,1e-06
Heun,3,0.3333333333333333,6,48,4,0.2998282624699353,1.380049228668213,True,1e-06
Heun,3,0.3333333333333333,6,49,4,0.29561905271106387,1.3863029479980469,True,1e-06
Heun,3,0.3333333333333333,6,50,5,0.4825177469659017,2.195384204387665,True,1.8178964562934237e-06
Heun,3,0.3333333333333333,6,51,5,0.32628733052753295,1.6097350120544434,True,1e-06
Heun,3,0.3333333333333333,6,52,5,0.30978301229971955,1.7143227458000183,True,1e-06
Heun,3,0.3333333333333333,6,53,5,0.28434344960902114,1.6438586711883545,True,1e-06
Heun,3,0.3333333333333333,6,54,5,0.2475869497678938,0.8719780743122101,True,1e-06
Heun,3,0.3333333333333333,6,55,5,0.3805427473291652,2.037230134010315,True,1e-06
Heun,3,0.3333333333333333,6,56,5,0.4012430957072585,2.2159284353256226,True,1.4590741595977263e-06
Heun,3,0.3333333333333333,6,57,5,0.26692917555966217,1.1013219207525253,True,1.2469731555051633e-06
Heun,3,0.3333333333333333,6,58,5,0.3894346241942034,1.737500548362732,True,1e-06
Heun,3,0.3333333333333333,6,59,5,0.4407936166847649,2.1918985247612,True,2.5425618519701875e-06
Heun,3,0.3333333333333333,6,60,6,0.3259436697045636,1.3022942543029785,True,1.7914387306596396e-06
Heun,3,0.3333333333333333,6,61,6,0.36845229919265676,2.2746870517730713,True,1e-06
Heun,3,0.3333333333333333,6,62,6,0.5145244541076499,2.2999298572540283,True,1e-06
Heun,3,0.3333333333333333,6,63,6,0.36087187043650326,1.268882930278778,True,1.2142100713690488e-06
Heun,3,0.3333333333333333,6,64,6,0.3613681229395477,1.7682313323020935,True,1.059778896784065e-06
Heun,3,0.3333333333333333,6,65,6,0.3059965612700783,2.4364551305770874,True,1.0200925970424066e-06
Heun,3,0.3333333333333333,6,66,6,0.36162322969767124,1.587420105934143,True,1e-06
Heun,3,0.3333333333333333,6,67,6,0.29215055557910935,1.325779914855957,True,1e-06
Heun,3,0.3333333333333333,6,68,6,0.2740695245349358,1.4258965849876404,True,1e-06
Heun,3,0.3333333333333333,6,69,6,0.31339867695076723,1.6804948449134827,True,1e-06
Heun,3,0.3333333333333333,6,70,7,0.30799597522094235,2.22590309381485,True,1.002172487207418e-06
Heun,3,0.3333333333333333,6,71,7,0.26744408141109094,1.2099013328552246,True,1.3019912601984357e-06
Heun,3,0.3333333333333333,6,72,7,0.2543310492443078,0.9809897243976593,True,1e-06
Heun,3,0.3333333333333333,6,73,7,0.30227973751800064,1.3954790830612183,True,1e-06
Heun,3,0.3333333333333333,6,74,7,0.25537766900532993,1.4242536425590515,True,1e-06
Heun,3,0.3333333333333333,6,75,7,0.34829875337954586,1.6265535354614258,True,1e-06
Heun,3,0.3333333333333333,6,76,7,0.5991645859297104,2.3288623690605164,True,4.664503408117071e-06
Heun,3,0.3333333333333333,6,77,7,0.30903932079445756,2.250036358833313,True,1e-06
Heun,3,0.3333333333333333,6,78,7,0.3800104259064304,2.116807997226715,True,1e-06
Heun,3,0.3333333333333333,6,79,7,0.36139015756362847,1.615271806716919,True,1e-06
Heun,3,0.3333333333333333,6,80,8,0.33774499311967904,1.3321363627910614,True,1e-06
Heun,3,0.3333333333333333,6,81,8,0.2175319263446132,0.9224717319011688,True,1e-06
Heun,3,0.3333333333333333,6,82,8,0.2516117066213468,1.079270601272583,True,1e-06
Heun,3,0.3333333333333333,6,83,8,0.3919944885748205,1.5589520335197449,True,1e-06
Heun,3,0.3333333333333333,6,84,8,0.34407699945276743,1.6330077052116394,True,1.465383478007093e-06
Heun,3,0.3333333333333333,6,85,8,0.5003593197316123,2.00347101688385,True,2.273783090272719e-06
Heun,3,0.3333333333333333,6,86,8,0.2585163570683702,1.483493983745575,True,1e-06
Heun,3,0.3333333333333333,6,87,8,0.47147183158948386,2.4339592456817627,True,1e-06
Heun,3,0.3333333333333333,6,88,8,0.25009497095894573,1.2578191757202148,True,2.2396403043488253e-06
Heun,3,0.3333333333333333,6,89,8,0.35619247644506663,1.7847292497754097,True,1.223397610678078e-06
Heun,3,0.3333333333333333,6,90,9,0.2572730863588937,0.9761217832565308,True,2.216658055858132e-06
Heun,3,0.3333333333333333,6,91,9,0.3389426669143237,1.4613174796104431,False,1e-06
Heun,3,0.3333333333333333,6,92,9,0.39552649857574135,1.4501130878925323,True,2.181670229268033e-06
Heun,3,0.3333333333333333,6,93,9,0.2589701848258668,0.9943556785583496,True,1e-06
Heun,3,0.3333333333333333,6,94,9,0.2921404473932443,1.7218433618545532,True,1e-06
Heun,3,0.3333333333333333,6,95,9,0.23868449330833907,1.283875048160553,True,1e-06
Heun,3,0.3333333333333333,6,96,9,0.2889758549302133,1.4531634449958801,True,1.009288426726286e-06
Heun,3,0.3333333333333333,6,97,9,0.32544436408204724,1.4635382890701294,True,1e-06
Heun,3,0.3333333333333333,6,98,9,0.2774099753308798,1.686086118221283,True,1e-06
Heun,3,0.3333333333333333,6,99,9,0.29257952543761395,1.2689090967178345,True,1e-06
Heun,5,0.2,10,0,0,0.18731950048268553,0.6561790704727173,True,1e-06
Heun,5,0.2,10,1,0,0.20362256686118035,0.6994889974594116,True,1e-06
Heun,5,0.2,10,2,0,0.15797917317507026,0.6381161212921143,True,1e-06
Heun,5,0.2,10,3,0,0.18431653491390312,0.7078946232795715,True,1e-06
Heun,5,0.2,10,4,0,0.13401601766218313,0.6852750182151794,True,1e-06
Heun,5,0.2,10,5,0,0.18710954441756295,0.7407634854316711,True,1.7500830152219005e-06
Heun,5,0.2,10,6,0,0.19697974838758692,0.7780634164810181,True,1e-06
Heun,5,0.2,10,7,0,0.17164998564554956,0.6033157110214233,True,1e-06
Heun,5,0.2,10,8,0,0.1751775757708587,0.679877907037735,True,1e-06
Heun,5,0.2,10,9,0,0.16910404586624095,0.5793426036834717,True,1e-06
Heun,5,0.2,10,10,1,0.1824771507461704,1.0243757367134094,True,1e-06
Heun,5,0.2,10,11,1,0.18675626701468498,0.782283365726471,True,1e-06
Heun,5,0.2,10,12,1,0.1786845596106559,0.7456372529268265,True,1e-06
Heun,5,0.2,10,13,1,0.1715889975497261,0.729138046503067,True,1e-06
Heun,5,0.2,10,14,1,0.14721569086094297,0.6177354454994202,True,1e-06
Heun,5,0.2,10,15,1,0.1914456048877358,0.6916466355323792,True,1.3317213891376878e-06
Heun,5,0.2,10,16,1,0.14570663332241438,0.7271467745304108,True,1e-06
Heun,5,0.2,10,17,1,0.14684587899998292,0.6609800755977631,True,1e-06
Heun,5,0.2,10,18,1,0.14833836965924949,0.9345666766166687,True,1e-06
Heun,5,0.2,10,19,1,0.17908987563121817,0.6734637320041656,True,1e-06
Heun,5,0.2,10,20,2,0.24925683792567851,1.9117599725723267,True,1.0868335440780543e-06
Heun,5,0.2,10,21,2,0.20285573946862517,0.6851580440998077,True,1e-06
Heun,5,0.2,10,22,2,0.1795771857234563,0.706885039806366,True,1e-06
Heun,5,0.2,10,23,2,0.16234099104391125,0.8328863382339478,True,1.2352563854491178e-06
Heun,5,0.2,10,24,2,0.18468945959605573,0.7532163858413696,True,1e-06
Heun,5,0.2,10,25,2,0.19656821091548743,0.9024984613060951,True,2.339793996620816e-06
Heun,5,0.2,10,26,2,0.17969291267425383,0.9525952339172363,True,1e-06
Heun,5,0.2,10,27,2,0.20126563870242595,0.6771990843117237,True,1e-06
Heun,5,0.2,10,28,2,0.14607019035814967,0.8510211259126663,True,2.1685488822251237e-06
Heun,5,0.2,10,29,2,0.13492170403470338,0.5175929069519043,True,1e-06
Heun,5,0.2,10,30,3,0.18955831112507496,0.7061621248722076,True,1.0251815674748809e-06
Heun,5,0.2,10,31,3,0.15423335472559743,0.6337706446647644,False,1.0058863599914548e-06
Heun,5,0.2,10,32,3,0.15432547650854586,0.681260347366333,True,1e-06
Heun,5,0.2,10,33,3,0.1602656315247455,0.8946360349655151,True,1.1038277689729205e-06
Heun,5,0.2,10,34,3,0.23569874821028805,2.0632962584495544,True,1.2764821486052176e-06
Heun,5,0.2,10,35,3,0.18814442132262169,0.8653928935527802,True,2.024340481619809e-06
Heun,5,0.2,10,36,3,0.16541868635989604,0.606526255607605,True,1e-06
Heun,5,0.2,10,37,3,0.21457693537871128,0.6941799223423004,True,1e-06
Heun,5,0.2,10,38,3,0.19241525198429738,0.9969810545444489,True,1.062211266275174e-06
Heun,5,0.2,10,39,3,0.14913625305478057,0.8851792067289352,True,1e-06
Heun,5,0.2,10,40,4,0.1978522587529742,1.0120484828948975,True,1e-06
Heun,5,0.2,10,41,4,0.17662857991185346,0.6353496313095093,True,1e-06
Heun,5,0.2,10,42,4,0.2577901079784205,1.919457495212555,True,2.5928913806302533e-06
Heun,5,0.2,10,43,4,0.19268135425772775,0.6682600975036621,True,1e-06
Heun,5,0.2,10,44,4,0.1875554016877147,0.824579045176506,True,1e-06
Heun,5,0.2,10,45,4,0.20683350588791394,0.7391248941421509,True,1.672302531494149e-06
Heun,5,0.2,10,46,4,0.18034703130440324,0.7584022283554077,True,1e-06
Heun,5,0.2,10,47,4,0.1898465014988186,0.9385531842708588,True,1e-06
Heun,5,0.2,10,48,4,0.15413311662676912,0.7161235809326172,True,1e-06
Heun,5,0.2,10,49,4,0.18793328425226918,1.100256472826004,True,1e-06
Heun,5,0.2,10,50,5,0.28264768415009617,1.7563048005104065,True,1.8178964562934237e-06
Heun,5,0.2,10,51,5,0.17507097852676734,0.8269995748996735,True,1e-06
Heun,5,0.2,10,52,5,0.14471801492230432,0.49661803245544434,True,1e-06
Heun,5,0.2,10,53,5,0.1413381210725411,0.8015114367008209,True,1e-06
Heun,5,0.2,10,54,5,0.13803741361953456,0.5839941501617432,True,1e-06
Heun,5,0.2,10,55,5,0.14329480705999864,0.5193164944648743,True,1e-06
Heun,5,0.2,10,56,5,0.19733273157860215,0.7550263404846191,True,1.4590741595977263e-06
Heun,5,0.2,10,57,5,0.11982184197157052,0.4874134659767151,True,1.2469731555051633e-06
Heun,5,0.2,10,58,5,0.22042868594022952,0.8678834140300751,True,1e-06
Heun,5,0.2,10,59,5,0.3365753969314254,1.9479829668998718,True,2.5425618519701875e-06
Heun,5,0.2,10,60,6,0.1413884088564322,0.5343597531318665,True,1.7914387306596396e-06
Heun,5,0.2,10,61,6,0.18263178848447786,0.6293580830097198,True,1e-06
Heun,5,0.2,10,62,6,0.31163907174523836,1.9022790789604187,True,1e-06
Heun,5,0.2,10,63,6,0.18641765483100553,0.8006545901298523,True,1.2142100713690488e-06
Heun,5,0.2,10,64,6,0.19417570491442762,0.6884591281414032,True,1.059778896784065e-06
Heun,5,0.2,10,65,6,0.18544478100466175,1.086291253566742,True,1.0200925970424066e-06
Heun,5,0.2,10,66,6,0.17625940935477757,0.8434251546859741,True,1e-06
Heun,5,0.2,10,67,6,0.15646151761711552,0.7236008644104004,True,1e-06
Heun,5,0.2,10,68,6,0.14084369686942474,0.6119017153978348,True,1e-06
Heun,5,0.2,10,69,6,0.17240057564950736,0.802797719836235,True,1e-06
Heun,5,0.2,10,70,7,0.1465107217908656,0.7966576889157295,True,1.002172487207418e-06
Heun,5,0.2,10,71,7,0.11547842303240359,0.569233775138855,True,1.3019912601984357e-06
Heun,5,0.2,10,72,7,0.12281914534648335,0.4704800844192505,True,1e-06
Heun,5,0.2,10,73,7,0.12598584401200535,0.446119487285614,True,1e-06
Heun,5,0.2,10,74,7,0.1337614001439364,0.6945429444313049,True,1e-06
Heun,5,0.2,10,75,7,0.14083232642493812,0.5220379531383514,False,1e-06
Heun,5,0.2,10,76,7,0.47395213376926953,2.2904099225997925,True,4.664503408117071e-06
Heun,5,0.2,10,77,7,0.16565561959562833,0.8768295496702194,True,1e-06
Heun,5,0.2,10,78,7,0.20679252067802306,0.8413170278072357,True,1e-06
Heun,5,0.2,10,79,7,0.2009767134979903,0.9120976328849792,True,1e-06
Heun,5,0.2,10,80,8,0.19537611456569626,0.7297851741313934,True,1e-06
Heun,5,0.2,10,81,8,0.11739218511134968,0.5170862972736359,True,1e-06
Heun,5,0.2,10,82,8,0.1478498740499809,0.5423391759395599,True,1e-06
Heun,5,0.2,10,83,8,0.20230408653029486,0.7468509376049042,True,1e-06
Heun,5,0.2,10,84,8,0.1886879180940211,0.8284039199352264,True,1.465383478007093e-06
Heun,5,0.2,10,85,8,0.21322585728965368,0.70406773686409,True,2.273783090272719e-06
Heun,5,0.2,10,86,8,0.16044652344644997,0.6598140001296997,True,1e-06
Heun,5,0.2,10,87,8,0.2171720872521787,1.065158724784851,True,1e-06
Heun,5,0.2,10,88,8,0.14447844284915884,0.5652725696563721,True,2.2396403043488253e-06
Heun,5,0.2,10,89,8,0.1938974913601939,0.7455670833587646,True,1.223397610678078e-06
Heun,5,0.2,10,90,9,0.1393404181802401,0.6345129609107971,True,2.216658055858132e-06
Heun,5,0.2,10,91,9,0.19141561756328904,0.7073032259941101,True,1e-06
Heun,5,0.2,10,92,9,0.24515443179282495,1.3244317471981049,True,2.181670229268033e-06
Heun,5,0.2,10,93,9,0.15641413730713544,0.5834428071975708,True,1e-06
Heun,5,0.2,10,94,9,0.16701775676755926,1.0526123195886612,False,1e-06
Heun,5,0.2,10,95,9,0.12394298020297458,0.9144849181175232,True,1e-06
Heun,5,0.2,10,96,9,0.17399301023837938,0.6891445517539978,True,1.009288426726286e-06
Heun,5,0.2,10,97,9,0.1950314484590041,0.8271631002426147,True,1e-06
Heun,5,0.2,10,98,9,0.17299554204848674,0.743470311164856,True,1e-06
Heun,5,0.2,10,99,9,0.15711432483258325,0.5565387010574341,True,1e-06
Heun,10,0.1,20,0,0,0.08797070674143345,0.2954961061477661,True,1e-06
Heun,10,0.1,20,1,0,0.08747206609580811,0.28522032499313354,True,1e-06
Heun,10,0.1,20,2,0,0.06989540374880686,0.2846856117248535,True,1e-06
Heun,10,0.1,20,3,0,0.058061219868505584,0.2631493806838989,True,1e-06
Heun,10,0.1,20,4,0,0.05616772349833135,0.23001986742019653,True,1e-06
Heun,10,0.1,20,5,0,0.09144525309432937,0.2761414051055908,True,1.7500830152219005e-06
Heun,10,0.1,20,6,0,0.09263303973905396,0.3023024797439575,True,1e-06
Heun,10,0.1,20,7,0,0.07110659772482344,0.2965191602706909,True,1e-06
Heun,10,0.1,20,8,0,0.08318384570100115,0.2814334034919739,True,1e-06
Heun,10,0.1,20,9,0,0.07674066288178288,0.3354918360710144,True,1e-06
Heun,10,0.1,20,10,1,0.07546444752281377,0.281946063041687,True,1e-06
Heun,10,0.1,20,11,1,0.08406629919544822,0.2815793752670288,True,1e-06
Heun,10,0.1,20,12,1,0.07752162082381556,0.31165266036987305,True,1e-06
Heun,10,0.1,20,13,1,0.06987863907089543,0.2886805534362793,True,1e-06
Heun,10,0.1,20,14,1,0.07233364378279163,0.28860217332839966,True,1e-06
Heun,10,0.1,20,15,1,0.0869723808996161,0.2989768385887146,True,1.3317213891376878e-06
Heun,10,0.1,20,16,1,0.061607930311910315,0.2902687191963196,True,1e-06
Heun,10,0.1,20,17,1,0.06450407189873726,0.27994561195373535,True,1e-06
Heun,10,0.1,20,18,1,0.05839517133149997,0.3230394124984741,True,1e-06
Heun,10,0.1,20,19,1,0.08206435248907036,0.3072018623352051,True,1e-06
Heun,10,0.1,20,20,2,0.07902686472000585,0.2878599166870117,True,1.0868335440780543e-06
Heun,10,0.1,20,21,2,0.08174222639043312,0.3196619749069214,True,1e-06
Heun,10,0.1,20,22,2,0.07151830798275688,0.33862197399139404,True,1e-06
Heun,10,0.1,20,23,2,0.06317270296811366,0.2735138535499573,True,1.2352563854491178e-06
Heun,10,0.1,20,24,2,0.09363263169384498,0.2893174886703491,True,1e-06
Heun,10,0.1,20,25,2,0.0849232123350034,0.2700413465499878,True,2.339793996620816e-06
Heun,10,0.1,20,26,2,0.06798554984665653,0.37427765130996704,True,1e-06
Heun,10,0.1,20,27,2,0.0828965934243998,0.2608649730682373,True,1e-06
Heun,10,0.1,20,28,2,0.06228810597188419,0.2688779830932617,True,2.1685488822251237e-06
Heun,10,0.1,20,29,2,0.04492441433936811,0.1610356569290161,True,1e-06
Heun,10,0.1,20,30,3,0.07646478196677814,0.3103941082954407,True,1.0251815674748809e-06
Heun,10,0.1,20,31,3,0.05291530469866837,0.25813132524490356,False,1.0058863599914548e-06
Heun,10,0.1,20,32,3,0.06559925452239106,0.27239149808883667,True,1e-06
Heun,10,0.1,20,33,3,0.06370077275830481,0.28207242488861084,True,1.1038277689729205e-06
Heun,10,0.1,20,34,3,0.06511994434826573,0.2810121774673462,True,1.2764821486052176e-06
Heun,10,0.1,20,35,3,0.08650878023317672,0.3362696170806885,True,2.024340481619809e-06
Heun,10,0.1,20,36,3,0.08041184084872108,0.326424241065979,True,1e-06
Heun,10,0.1,20,37,3,0.08540822594234287,0.3180961608886719,True,1e-06
Heun,10,0.1,20,38,3,0.09157568889898639,0.3147788643836975,True,1.062211266275174e-06
Heun,10,0.1,20,39,3,0.06217312427685938,0.2658352851867676,True,1e-06
Heun,10,0.1,20,40,4,0.08607004893991199,0.4668142795562744,True,1e-06
Heun,10,0.1,20,41,4,0.07215682618386368,0.23271960020065308,True,1e-06
Heun,10,0.1,20,42,4,0.11742364089245386,1.0464703142642975,True,2.5928913806302533e-06
Heun,10,0.1,20,43,4,0.08014900889969759,0.3233379125595093,True,1e-06
Heun,10,0.1,20,44,4,0.07200281641331735,0.38468778133392334,True,1e-06
Heun,10,0.1,20,45,4,0.09482254714029065,0.2882165312767029,True,1.672302531494149e-06
Heun,10,0.1,20,46,4,0.06169702872300721,0.2278805375099182,True,1e-06
Heun,10,0.1,20,47,4,0.08700412612589757,0.29888391494750977,True,1e-06
Heun,10,0.1,20,48,4,0.05804692581404804,0.23291772603988647,True,1e-06
Heun,10,0.1,20,49,4,0.08380009309588043,0.2758973240852356,True,1e-06
Heun,10,0.1,20,50,5,0.08924873039043871,0.5967414677143097,True,1.8178964562934237e-06
Heun,10,0.1,20,51,5,0.08376260188919046,0.28016066551208496,True,1e-06
Heun,10,0.1,20,52,5,0.06538104214885646,0.24271869659423828,True,1e-06
Heun,10,0.1,20,53,5,0.06136951065481384,0.2991942763328552,True,1e-06
Heun,10,0.1,20,54,5,0.06743493663352829,0.27491211891174316,True,1e-06
Heun,10,0.1,20,55,5,0.059273849730903994,0.2721754312515259,True,1e-06
Heun,10,0.1,20,56,5,0.06898968349600472,0.2472672462463379,True,1.4590741595977263e-06
Heun,10,0.1,20,57,5,0.04161065470379094,0.21906769275665283,True,1.2469731555051633e-06
Heun,10,0.1,20,58,5,0.10515148440732675,0.30780112743377686,True,1e-06
Heun,10,0.1,20,59,5,0.2793186404999163,1.9469135999679565,True,2.5425618519701875e-06
Heun,10,0.1,20,60,6,0.048227941667590105,0.19673746824264526,True,1.7914387306596396e-06
Heun,10,0.1,20,61,6,0.06212199384706386,0.2322114109992981,True,1e-06
Heun,10,0.1,20,62,6,0.06907327770803978,0.3952997624874115,True,1e-06
Heun,10,0.1,20,63,6,0.07470393954875648,0.3012627959251404,True,1.2142100713690488e-06
Heun,10,0.1,20,64,6,0.07727622980542055,0.28550970554351807,True,1.059778896784065e-06
Heun,10,0.1,20,65,6,0.0948636451581013,0.3439028263092041,True,1.0200925970424066e-06
Heun,10,0.1,20,66,6,0.06966274457813156,0.24703598022460938,True,1e-06
Heun,10,0.1,20,67,6,0.06784195127671143,0.3388005495071411,True,1e-06
Heun,10,0.1,20,68,6,0.050765533108537604,0.27627676725387573,True,1e-06
Heun,10,0.1,20,69,6,0.07141747989767669,0.2762078046798706,True,1e-06
Heun,10,0.1,20,70,7,0.06098864320851728,0.24005544185638428,True,1.002172487207418e-06
Heun,10,0.1,20,71,7,0.042920770539078106,0.18313652276992798,True,1.3019912601984357e-06
Heun,10,0.1,20,72,7,0.05145853203694094,0.23556774854660034,True,1e-06
Heun,10,0.1,20,73,7,0.04506406192061831,0.1889452338218689,True,1e-06
Heun,10,0.1,20,74,7,0.0691171327994497,0.26190078258514404,True,1e-06
Heun,10,0.1,20,75,7,0.04727522368072074,0.18451780080795288,False,1e-06
Heun,10,0.1,20,76,7,0.2739489324277182,2.154231548309326,True,4.664503408117071e-06
Heun,10,0.1,20,77,7,0.06793775645022608,0.28322911262512207,True,1e-06
Heun,10,0.1,20,78,7,0.09850783596549262,0.34764623641967773,True,1e-06
Heun,10,0.1,20,79,7,0.0942635976225983,0.4095190763473511,True,1e-06
Heun,10,0.1,20,80,8,0.08266023000939571,0.3087276816368103,True,1e-06
Heun,10,0.1,20,81,8,0.05425348105721591,0.23118925094604492,True,1e-06
Heun,10,0.1,20,82,8,0.07417477503672393,0.2716667056083679,True,1e-06
Heun,10,0.1,20,83,8,0.0881985950336902,0.28618019819259644,True,1e-06
Heun,10,0.1,20,84,8,0.07664441533985179,0.2546236515045166,True,1.465383478007093e-06
Heun,10,0.1,20,85,8,0.06635964214354163,0.2535281777381897,True,2.273783090272719e-06
Heun,10,0.1,20,86,8,0.08378658461660006,0.2665887475013733,True,1e-06
Heun,10,0.1,20,87,8,0.0917035276264753,0.28479164838790894,True,1e-06
Heun,10,0.1,20,88,8,0.05395436728691314,0.23044061660766602,True,2.2396403043488253e-06
Heun,10,0.1,20,89,8,0.07177222767174916,0.2884827256202698,True,1.223397610678078e-06
Heun,10,0.1,20,90,9,0.045120819206623204,0.24074786901474,True,2.216658055858132e-06
Heun,10,0.1,20,91,9,0.0732486003944793,0.28205037117004395,True,1e-06
Heun,10,0.1,20,92,9,0.078768843816481,0.3448227047920227,True,2.181670229268033e-06
Heun,10,0.1,20,93,9,0.07488149975867686,0.24845677614212036,True,1e-06
Heun,10,0.1,20,94,9,0.05872526189314074,0.25555676221847534,False,1e-06
Heun,10,0.1,20,95,9,0.04805689257087151,0.2535845637321472,True,1e-06
Heun,10,0.1,20,96,9,0.07306458085734958,0.2574707269668579,True,1.009288426726286e-06
Heun,10,0.1,20,97,9,0.08586995380149257,0.3293701410293579,True,1e-06
Heun,10,0.1,20,98,9,0.0808055842326242,0.2906067371368408,True,1e-06
Heun,10,0.1,20,99,9,0.05830040727839565,0.22552156448364258,True,1e-06
Heun,20,0.05,40,0,0,0.04073015819570023,0.15700358152389526,True,1e-06
Heun,20,0.05,40,1,0,0.03538689528451649,0.12943929433822632,True,1e-06
Heun,20,0.05,40,2,0,0.033317407586617956,0.14648640155792236,True,1e-06
Heun,20,0.05,40,3,0,0.019800923486584514,0.09976375102996826,True,1e-06
Heun,20,0.05,40,4,0,0.021563451685868772,0.10266031324863434,True,1e-06
Heun,20,0.05,40,5,0,0.04068568042818206,0.14190632104873657,True,1.7500830152219005e-06
Heun,20,0.05,40,6,0,0.04103420379613693,0.1263507604598999,True,1e-06
Heun,20,0.05,40,7,0,0.033000468008863665,0.13782954216003418,True,1e-06
Heun,20,0.05,40,8,0,0.03679447515742771,0.12210202217102051,True,1e-06
Heun,20,0.05,40,9,0,0.03313924804305405,0.13610374927520752,True,1e-06
Heun,20,0.05,40,10,1,0.028138202464251433,0.15175503492355347,True,1e-06
Heun,20,0.05,40,11,1,0.039693252599111,0.1338006854057312,True,1e-06
Heun,20,0.05,40,12,1,0.030547192083848658,0.11339163780212402,True,1e-06
Heun,20,0.05,40,13,1,0.027821934706148594,0.11163169145584106,True,1e-06
Heun,20,0.05,40,14,1,0.03366495885409015,0.15859973430633545,True,1e-06
Heun,20,0.05,40,15,1,0.04113151649832918,0.16218775510787964,True,1.3317213891376878e-06
Heun,20,0.05,40,16,1,0.02428001851074766,0.17155331373214722,True,1e-06
Heun,20,0.05,40,17,1,0.02858503424834598,0.10489743947982788,True,1e-06
Heun,20,0.05,40,18,1,0.024370830462653304,0.16032826900482178,True,1e-06
Heun,20,0.05,40,19,1,0.036405557633153215,0.15736806392669678,True,1e-06
Heun,20,0.05,40,20,2,0.03539037340976726,0.14423775672912598,True,1.0868335440780543e-06
Heun,20,0.05,40,21,2,0.03617269940423484,0.13070619106292725,True,1e-06
Heun,20,0.05,40,22,2,0.03321514365744718,0.1369825005531311,True,1e-06
Heun,20,0.05,40,23,2,0.028561156866138068,0.111308753490448,True,1.2352563854491178e-06
Heun,20,0.05,40,24,2,0.04548172592890985,0.14373064041137695,True,1e-06
Heun,20,0.05,40,25,2,0.04005397834036803,0.23677132278680801,True,2.339793996620816e-06
Heun,20,0.05,40,26,2,0.029327798678111403,0.18263894319534302,True,1e-06
Heun,20,0.05,40,27,2,0.036087094151686545,0.12302654981613159,True,1e-06
Heun,20,0.05,40,28,2,0.029217400024591625,0.1137467622756958,True,2.1685488822251237e-06
Heun,20,0.05,40,29,2,0.016167348799548474,0.06872749328613281,True,1e-06
Heun,20,0.05,40,30,3,0.0325677531062,0.1350296139717102,True,1.0251815674748809e-06
Heun,20,0.05,40,31,3,0.021103313996977385,0.1003451943397522,False,1.0058863599914548e-06
Heun,20,0.05,40,32,3,0.03345124738926226,0.11979019641876221,True,1e-06
Heun,20,0.05,40,33,3,0.02320224350481426,0.103365957736969,True,1.1038277689729205e-06
Heun,20,0.05,40,34,3,0.026875320408695825,0.12371891736984253,True,1.2764821486052176e-06
Heun,20,0.05,40,35,3,0.03643364976973302,0.14009398221969604,True,2.024340481619809e-06
Heun,20,0.05,40,36,3,0.03444199643449117,0.12563598155975342,True,1e-06
Heun,20,0.05,40,37,3,0.03266531956097049,0.13673698902130127,True,1e-06
Heun,20,0.05,40,38,3,0.044990548351811356,0.13740861415863037,True,1.062211266275174e-06
Heun,20,0.05,40,39,3,0.024186390374243954,0.10306960344314575,True,1e-06
Heun,20,0.05,40,40,4,0.03668408337899131,0.14681732654571533,True,1e-06
Heun,20,0.05,40,41,4,0.030503892720828266,0.11099094152450562,True,1e-06
Heun,20,0.05,40,42,4,0.03765990401229705,0.23987844586372375,True,2.5928913806302533e-06
Heun,20,0.05,40,43,4,0.03265226279652954,0.12880367040634155,True,1e-06
Heun,20,0.05,40,44,4,0.031394118593981724,0.14356279373168945,True,1e-06
Heun,20,0.05,40,45,4,0.04012876264363566,0.125432550907135,True,1.672302531494149e-06
Heun,20,0.05,40,46,4,0.02393427491017266,0.11496180295944214,True,1e-06
Heun,20,0.05,40,47,4,0.03667445431045343,0.1188504695892334,True,1e-06
Heun,20,0.05,40,48,4,0.020203694877587854,0.0802716612815857,True,1e-06
Heun,20,0.05,40,49,4,0.04026343828970302,0.14337027072906494,True,1e-06
Heun,20,0.05,40,50,5,0.04086744272462611,0.26510104537010193,True,1.8178964562934237e-06
Heun,20,0.05,40,51,5,0.03943178764655785,0.12276226282119751,True,1e-06
Heun,20,0.05,40,52,5,0.031331778560908664,0.12138599157333374,True,1e-06
Heun,20,0.05,40,53,5,0.025784653308909097,0.12393826246261597,True,1e-06
Heun,20,0.05,40,54,5,0.03372693304211659,0.12704384326934814,True,1e-06
Heun,20,0.05,40,55,5,0.023966111399969046,0.11156773567199707,True,1e-06
Heun,20,0.05,40,56,5,0.023617370386473675,0.08923846483230591,True,1.4590741595977263e-06
Heun,20,0.05,40,57,5,0.015000105636928638,0.09223401546478271,True,1.2469731555051633e-06
Heun,20,0.05,40,58,5,0.046912178723770244,0.14590656757354736,True,1e-06
Heun,20,0.05,40,59,5,0.03101340794653071,0.14713799953460693,True,2.5425618519701875e-06
Heun,20,0.05,40,60,6,0.01887091409182674,0.08750903606414795,True,1.7914387306596396e-06
Heun,20,0.05,40,61,6,0.021651882817935765,0.08411937952041626,True,1e-06
Heun,20,0.05,40,62,6,0.028468492863037674,0.11949288845062256,True,1e-06
Heun,20,0.05,40,63,6,0.032548731023569026,0.1413053274154663,True,1.2142100713690488e-06
Heun,20,0.05,40,64,6,0.0385641795982057,0.13318109512329102,True,1.059778896784065e-06
Heun,20,0.05,40,65,6,0.044434260942018154,0.17780625820159912,True,1.0200925970424066e-06
Heun,20,0.05,40,66,6,0.0316815511009427,0.12240123748779297,True,1e-06
Heun,20,0.05,40,67,6,0.029592759409909245,0.12674576044082642,True,1e-06
Heun,20,0.05,40,68,6,0.019386397483321716,0.09302467107772827,True,1e-06
Heun,20,0.05,40,69,6,0.03197125684985042,0.11338502168655396,True,1e-06
Heun,20,0.05,40,70,7,0.022433698940978266,0.0953284502029419,True,1.002172487207418e-06
Heun,20,0.05,40,71,7,0.015609513190614016,0.07490748167037964,True,1.3019912601984357e-06
Heun,20,0.05,40,72,7,0.019151446726703013,0.07001245021820068,True,1e-06
Heun,20,0.05,40,73,7,0.01704630954882558,0.0827932357788086,True,1e-06
Heun,20,0.05,40,74,7,0.03466128170562964,0.118929922580719,True,1e-06
Heun,20,0.05,40,75,7,0.01642614285702485,0.082558274269104,False,1e-06
Heun,20,0.05,40,76,7,0.10754655877127577,1.6500588655471802,True,4.664503408117071e-06
Heun,20,0.05,40,77,7,0.02868606480216602,0.10537862777709961,True,1e-06
Heun,20,0.05,40,78,7,0.04723006737247929,0.14166754484176636,True,1e-06
Heun,20,0.05,40,79,7,0.04185295677695332,0.1424241065979004,True,1e-06
Heun,20,0.05,40,80,8,0.03524062275842457,0.13062912225723267,True,1e-06
Heun,20,0.05,40,81,8,0.022478940740756938,0.10192334651947021,True,1e-06
Heun,20,0.05,40,82,8,0.030975524858073776,0.12787330150604248,True,1e-06
Heun,20,0.05,40,83,8,0.03958829624054296,0.14548951387405396,True,1e-06
Heun,20,0.05,40,84,8,0.031193764465501136,0.12385749816894531,True,1.465383478007093e-06
Heun,20,0.05,40,85,8,0.023598562840379755,0.1182100772857666,True,2.273783090272719e-06
Heun,20,0.05,40,86,8,0.03718030368264987,0.13014370203018188,True,1e-06
Heun,20,0.05,40,87,8,0.0365675094389882,0.14865458011627197,True,1e-06
Heun,20,0.05,40,88,8,0.023977696350562724,0.17308437824249268,True,2.2396403043488253e-06
Heun,20,0.05,40,89,8,0.030886844506156332,0.1621118187904358,True,1.223397610678078e-06
Heun,20,0.05,40,90,9,0.01842514341519165,0.11108976602554321,True,2.216658055858132e-06
Heun,20,0.05,40,91,9,0.029845914084140748,0.12006062269210815,True,1e-06
Heun,20,0.05,40,92,9,0.03213625437277613,0.12207585573196411,True,2.181670229268033e-06
Heun,20,0.05,40,93,9,0.03708086602019155,0.12038207054138184,True,1e-06
Heun,20,0.05,40,94,9,0.025426939831130573,0.10823047161102295,False,1e-06
Heun,20,0.05,40,95,9,0.018896029696992958,0.1429702639579773,True,1e-06
Heun,20,0.05,40,96,9,0.030555476961539443,0.11302018165588379,True,1.009288426726286e-06
Heun,20,0.05,40,97,9,0.0425389737075613,0.13080132007598877,True,1e-06
Heun,20,0.05,40,98,9,0.03684456886728293,0.12936800718307495,True,1e-06
Heun,20,0.05,40,99,9,0.0253526398570691,0.09346562623977661,True,1e-06
Heun,40,0.025,80,0,0,0.016463988268715413,0.07567399740219116,True,1e-06
Heun,40,0.025,80,1,0,0.014005841905071292,0.05674922466278076,True,1e-06
Heun,40,0.025,80,2,0,0.01366238177818046,0.05320096015930176,True,1e-06
Heun,40,0.025,80,3,0,0.008708402608008202,0.05611288547515869,True,1e-06
Heun,40,0.025,80,4,0,0.009327294394673176,0.08087091147899628,True,1e-06
Heun,40,0.025,80,5,0,0.01767804925265711,0.08428943157196045,True,1.7500830152219005e-06
Heun,40,0.025,80,6,0,0.016667045937788852,0.06699621677398682,True,1e-06
Heun,40,0.025,80,7,0,0.015384538041761885,0.06587731838226318,True,1e-06
Heun,40,0.025,80,8,0,0.015695344128642822,0.06383228302001953,True,1e-06
Heun,40,0.025,80,9,0,0.013766657645781992,0.06113994121551514,True,1e-06
Heun,40,0.025,80,10,1,0.011830776977879076,0.07032722234725952,True,1e-06
Heun,40,0.025,80,11,1,0.01842698155722109,0.062094807624816895,True,1e-06
Heun,40,0.025,80,12,1,0.010968938216197908,0.052974700927734375,True,1e-06
Heun,40,0.025,80,13,1,0.009903604557047105,0.05329704284667969,True,1e-06
Heun,40,0.025,80,14,1,0.016751039987907147,0.06223559379577637,True,1e-06
Heun,40,0.025,80,15,1,0.019937645050658957,0.07159721851348877,True,1.3317213891376878e-06
Heun,40,0.025,80,16,1,0.009112395312226861,0.08347111940383911,True,1e-06
Heun,40,0.025,80,17,1,0.011771515402255989,0.04285550117492676,True,1e-06
Heun,40,0.025,80,18,1,0.009491590516094712,0.07661056518554688,True,1e-06
Heun,40,0.025,80,19,1,0.015801470174411934,0.067757248878479,True,1e-06
Heun,40,0.025,80,20,2,0.015331362304121146,0.06610119342803955,True,1.0868335440780543e-06
Heun,40,0.025,80,21,2,0.01632938768748297,0.06097567081451416,True,1e-06
Heun,40,0.025,80,22,2,0.013667621027595748,0.06404381990432739,True,1e-06
Heun,40,0.025,80,23,2,0.012177685657825083,0.047522544860839844,True,1.2352563854491178e-06
Heun,40,0.025,80,24,2,0.020053173061991437,0.08293366432189941,True,1e-06
Heun,40,0.025,80,25,2,0.016053623188901262,0.08622131310403347,True,2.339793996620816e-06
Heun,40,0.025,80,26,2,0.012467215428554118,0.09889906644821167,True,1e-06
Heun,40,0.025,80,27,2,0.014903713618012304,0.06423056125640869,True,1e-06
Heun,40,0.025,80,28,2,0.014048357770050176,0.053020358085632324,True,2.1685488822251237e-06
Heun,40,0.025,80,29,2,0.0074616213818556485,0.03406745195388794,True,1e-06
Heun,40,0.025,80,30,3,0.012698177858286053,0.05609130859375,True,1.0251815674748809e-06
Heun,40,0.025,80,31,3,0.009151953390651748,0.04456692934036255,False,1.0058863599914548e-06
Heun,40,0.025,80,32,3,0.016546589293347357,0.055257439613342285,True,1e-06
Heun,40,0.025,80,33,3,0.009898071278347789,0.04106408357620239,True,1.1038277689729205e-06
Heun,40,0.025,80,34,3,0.011892935076285974,0.048646748065948486,True,1.2764821486052176e-06
Heun,40,0.025,80,35,3,0.014851037946826599,0.06170940399169922,True,2.024340481619809e-06
Heun,40,0.025,80,36,3,0.014872002587308588,0.05739539861679077,True,1e-06
Heun,40,0.025,80,37,3,0.01414428106962342,0.049417853355407715,True,1e-06
Heun,40,0.025,80,38,3,0.0206838581806354,0.06978750228881836,True,1.062211266275174e-06
Heun,40,0.025,80,39,3,0.010850280775016317,0.053351759910583496,True,1e-06
Heun,40,0.025,80,40,4,0.014039869371753758,0.07518666982650757,True,1e-06
Heun,40,0.025,80,41,4,0.013433234343567623,0.05125021934509277,True,1e-06
Heun,40,0.025,80,42,4,0.015356138197970284,0.05959919095039368,True,2.5928913806302533e-06
Heun,40,0.025,80,43,4,0.014450943284300535,0.056813955307006836,True,1e-06
Heun,40,0.025,80,44,4,0.013931875097229741,0.0486600399017334,True,1e-06
Heun,40,0.025,80,45,4,0.016392068540192255,0.07003343105316162,True,1.672302531494149e-06
Heun,40,0.025,80,46,4,0.009081180582439285,0.05320894718170166,True,1e-06
Heun,40,0.025,80,47,4,0.015962419036798608,0.09218132495880127,True,1e-06
Heun,40,0.025,80,48,4,0.008543429684323567,0.03544747829437256,True,1e-06
Heun,40,0.025,80,49,4,0.017757285068761952,0.07202339172363281,True,1e-06
Heun,40,0.025,80,50,5,0.021824289490138604,0.20420828461647034,True,1.8178964562934237e-06
Heun,40,0.025,80,51,5,0.017371934413737893,0.06432628631591797,True,1e-06
Heun,40,0.025,80,52,5,0.013605568269670076,0.057041168212890625,True,1e-06
Heun,40,0.025,80,53,5,0.010629411319130738,0.05230295658111572,True,1e-06
Heun,40,0.025,80,54,5,0.016117727477532835,0.06341886520385742,True,1e-06
Heun,40,0.025,80,55,5,0.010906566716534047,0.047217369079589844,True,1e-06
Heun,40,0.025,80,56,5,0.010137303426897474,0.038717687129974365,True,1.4590741595977263e-06
Heun,40,0.025,80,57,5,0.006318830908799511,0.03449440002441406,True,1.2469731555051633e-06
Heun,40,0.025,80,58,5,0.020346217809722716,0.07216775417327881,True,1e-06
Heun,40,0.025,80,59,5,0.013466358386375176,0.06221935153007507,True,2.5425618519701875e-06
Heun,40,0.025,80,60,6,0.009930515562432341,0.07729415595531464,True,1.7914387306596396e-06
Heun,40,0.025,80,61,6,0.009252753031597134,0.04349374771118164,True,1e-06
Heun,40,0.025,80,62,6,0.0143957627474696,0.10151064395904541,True,1e-06
Heun,40,0.025,80,63,6,0.014009364209898173,0.07355278730392456,True,1.2142100713690488e-06
Heun,40,0.025,80,64,6,0.01688872431520257,0.06683051586151123,True,1.059778896784065e-06
Heun,40,0.025,80,65,6,0.019854209713389432,0.08469116687774658,True,1.0200925970424066e-06
Heun,40,0.025,80,66,6,0.013746407438381575,0.06276804208755493,True,1e-06
Heun,40,0.025,80,67,6,0.012170508520263383,0.06544351577758789,True,1e-06
Heun,40,0.025,80,68,6,0.00787585657817433,0.03429698944091797,True,1e-06
Heun,40,0.025,80,69,6,0.012002544416339514,0.06571686267852783,True,1e-06
Heun,40,0.025,80,70,7,0.01005599225498644,0.040464043617248535,True,1.002172487207418e-06
Heun,40,0.025,80,71,7,0.006025041845112958,0.03077024221420288,True,1.3019912601984357e-06
Heun,40,0.025,80,72,7,0.008724457379167914,0.03383076190948486,True,1e-06
Heun,40,0.025,80,73,7,0.007510448340681551,0.037332892417907715,True,1e-06
Heun,40,0.025,80,74,7,0.015598066095526674,0.052314579486846924,True,1e-06
Heun,40,0.025,80,75,7,0.0070636548941560426,0.032768845558166504,False,1e-06
Heun,40,0.025,80,76,7,0.018813790163025233,0.18736092746257782,True,4.664503408117071e-06
Heun,40,0.025,80,77,7,0.010961779492837808,0.058302998542785645,True,1e-06
Heun,40,0.025,80,78,7,0.020615122562157372,0.07616603374481201,True,1e-06
Heun,40,0.025,80,79,7,0.01841840818446028,0.06552159786224365,True,1e-06
Heun,40,0.025,80,80,8,0.014045378370419168,0.05792313814163208,True,1e-06
Heun,40,0.025,80,81,8,0.010042035733912288,0.04575705528259277,True,1e-06
Heun,40,0.025,80,82,8,0.014168139675174645,0.061918020248413086,True,1e-06
Heun,40,0.025,80,83,8,0.017442297263092744,0.08308529853820801,True,1e-06
Heun,40,0.025,80,84,8,0.013383444383742702,0.05206179618835449,True,1.465383478007093e-06
Heun,40,0.025,80,85,8,0.010501856393411696,0.0568985641002655,True,2.273783090272719e-06
Heun,40,0.025,80,86,8,0.016701742746056757,0.06045675277709961,True,1e-06
Heun,40,0.025,80,87,8,0.017086505510317512,0.08736526966094971,True,1e-06
Heun,40,0.025,80,88,8,0.0156386376735778,0.25439369678497314,True,2.2396403043488253e-06
Heun,40,0.025,80,89,8,0.014563383811307559,0.11403709650039673,True,1.223397610678078e-06
Heun,40,0.025,80,90,9,0.007934550973821518,0.06571173667907715,True,2.216658055858132e-06
Heun,40,0.025,80,91,9,0.012480090919428465,0.060990333557128906,True,1e-06
Heun,40,0.025,80,92,9,0.013504531999767637,0.05449134111404419,True,2.181670229268033e-06
Heun,40,0.025,80,93,9,0.017820802865913817,0.07275211811065674,True,1e-06
Heun,40,0.025,80,94,9,0.010771326000753357,0.04307842254638672,False,1e-06
Heun,40,0.025,80,95,9,0.007583972010104717,0.0671047568321228,True,1e-06
Heun,40,0.025,80,96,9,0.01297105983103752,0.05285298824310303,True,1.009288426726286e-06
Heun,40,0.025,80,97,9,0.019353016502551074,0.07828450202941895,True,1e-06
Heun,40,0.025,80,98,9,0.016854758464097414,0.06080794334411621,True,1e-06
Heun,40,0.025,80,99,9,0.01166622871376814,0.04869973659515381,True,1e-06
Heun,80,0.0125,160,0,0,0.006527955529538331,0.024929285049438477,True,1e-06
Heun,80,0.0125,160,1,0,0.005327295785104015,0.018719792366027832,True,1e-06
Heun,80,0.0125,160,2,0,0.006076209283863579,0.022790253162384033,True,1e-06
Heun,80,0.0125,160,3,0,0.004324728279867371,0.03298383951187134,True,1e-06
Heun,80,0.0125,160,4,0,0.004592413976267053,0.0502329021692276,True,1e-06
Heun,80,0.0125,160,5,0,0.006963223076874682,0.031070828437805176,True,1.7500830152219005e-06
Heun,80,0.0125,160,6,0,0.006482459503517473,0.02613389492034912,True,1e-06
Heun,80,0.0125,160,7,0,0.006994719677826713,0.028466343879699707,True,1e-06
Heun,80,0.0125,160,8,0,0.006654616182915162,0.024300813674926758,True,1e-06
Heun,80,0.0125,160,9,0,0.005655033285000605,0.023779869079589844,True,1e-06
Heun,80,0.0125,160,10,1,0.0044120966851236825,0.021720826625823975,True,1e-06
Heun,80,0.0125,160,11,1,0.007522533812258311,0.029079318046569824,True,1e-06
Heun,80,0.0125,160,12,1,0.003932249455412697,0.01997774839401245,True,1e-06
Heun,80,0.0125,160,13,1,0.0035157349511484937,0.022357821464538574,True,1e-06
Heun,80,0.0125,160,14,1,0.007679152618960928,0.02881443500518799,True,1e-06
Heun,80,0.0125,160,15,1,0.008320866043370784,0.03422349691390991,True,1.3317213891376878e-06
Heun,80,0.0125,160,16,1,0.00351976054184913,0.023667752742767334,True,1e-06
Heun,80,0.0125,160,17,1,0.0050653462855082924,0.021166682243347168,True,1e-06
Heun,80,0.0125,160,18,1,0.003557665826798409,0.02811378240585327,True,1e-06
Heun,80,0.0125,160,19,1,0.0058776182881417356,0.023788034915924072,True,1e-06
Heun,80,0.0125,160,20,2,0.006581835986718299,0.0264892578125,True,1.0868335440780543e-06
Heun,80,0.0125,160,21,2,0.006944353152973477,0.02906334400177002,True,1e-06
Heun,80,0.0125,160,22,2,0.005686799017730884,0.03876054286956787,True,1e-06
Heun,80,0.0125,160,23,2,0.00538488853686262,0.03137922286987305,True,1.2352563854491178e-06
Heun,80,0.0125,160,24,2,0.008355625227789354,0.03213083744049072,True,1e-06
Heun,80,0.0125,160,25,2,0.013470446371914682,0.177301287651062,True,2.339793996620816e-06
Heun,80,0.0125,160,26,2,0.005301189986236685,0.04336637258529663,True,1e-06
Heun,80,0.0125,160,27,2,0.00614706121885909,0.023803770542144775,True,1e-06
Heun,80,0.0125,160,28,2,0.006444308952169314,0.02526801824569702,True,2.1685488822251237e-06
Heun,80,0.0125,160,29,2,0.004259097913402465,0.017442822456359863,True,1e-06
Heun,80,0.0125,160,30,3,0.005280240022168682,0.020621836185455322,True,1.0251815674748809e-06
Heun,80,0.0125,160,31,3,0.004272731047374234,0.035967737436294556,False,1.0058863599914548e-06
Heun,80,0.0125,160,32,3,0.00766766487735427,0.024444103240966797,True,1e-06
Heun,80,0.0125,160,33,3,0.004395936260041089,0.017874419689178467,True,1.1038277689729205e-06
Heun,80,0.0125,160,34,3,0.005057130944488205,0.02059108018875122,True,1.2764821486052176e-06
Heun,80,0.0125,160,35,3,0.0057816275075973445,0.02302873134613037,True,2.024340481619809e-06
Heun,80,0.0125,160,36,3,0.00636537792125909,0.02774214744567871,True,1e-06
Heun,80,0.0125,160,37,3,0.007442260474901782,0.061209917068481445,True,1e-06
Heun,80,0.0125,160,38,3,0.008788025465590757,0.02853858470916748,True,1.062211266275174e-06
Heun,80,0.0125,160,39,3,0.005435239627281071,0.02152925729751587,True,1e-06
Heun,80,0.0125,160,40,4,0.005754549218856898,0.029819190502166748,True,1e-06
Heun,80,0.0125,160,41,4,0.005809176002591198,0.021451890468597412,True,1e-06
Heun,80,0.0125,160,42,4,0.00712742100391269,0.044494420289993286,True,2.5928913806302533e-06
Heun,80,0.0125,160,43,4,0.006590194120985773,0.02550804615020752,True,1e-06
Heun,80,0.0125,160,44,4,0.006311620263461252,0.020070970058441162,True,1e-06
Heun,80,0.0125,160,45,4,0.006262185350568443,0.029088854789733887,True,1.672302531494149e-06
Heun,80,0.0125,160,46,4,0.0040399273560474385,0.018999457359313965,True,1e-06
Heun,80,0.0125,160,47,4,0.00706346483524934,0.04087364673614502,True,1e-06
Heun,80,0.0125,160,48,4,0.0043035132968924075,0.016512513160705566,True,1e-06
Heun,80,0.0125,160,49,4,0.00732905645520154,0.029311418533325195,True,1e-06
Heun,80,0.0125,160,50,5,0.010182055466936301,0.09116998314857483,True,1.8178964562934237e-06
Heun,80,0.0125,160,51,5,0.007543078235344954,0.02767115831375122,True,1e-06
Heun,80,0.0125,160,52,5,0.006088950367915574,0.02218848466873169,True,1e-06
Heun,80,0.0125,160,53,5,0.004540788926942913,0.020903706550598145,True,1e-06
Heun,80,0.0125,160,54,5,0.007757871364698852,0.028746843338012695,True,1e-06
Heun,80,0.0125,160,55,5,0.005539153394085079,0.038398921489715576,True,1e-06
Heun,80,0.0125,160,56,5,0.00402163694731511,0.01464487612247467,True,1.4590741595977263e-06
Heun,80,0.0125,160,57,5,0.0034860723381960356,0.025029510259628296,True,1.2469731555051633e-06
Heun,80,0.0125,160,58,5,0.008257701233988446,0.03209728002548218,True,1e-06
Heun,80,0.0125,160,59,5,0.0070324771186516186,0.04666668176651001,True,2.5425618519701875e-06
Heun,80,0.0125,160,60,6,0.005088451925609114,0.04639004170894623,True,1.7914387306596396e-06
Heun,80,0.0125,160,61,6,0.004003040569879766,0.017707467079162598,True,1e-06
Heun,80,0.0125,160,62,6,0.008938538455445304,0.09242454171180725,True,1e-06
Heun,80,0.0125,160,63,6,0.005448786566399883,0.028251945972442627,True,1.2142100713690488e-06
Heun,80,0.0125,160,64,6,0.007050548865608106,0.026339173316955566,True,1.059778896784065e-06
Heun,80,0.0125,160,65,6,0.008310364337391208,0.0321727991104126,True,1.0200925970424066e-06
Heun,80,0.0125,160,66,6,0.005921230182733243,0.026607811450958252,True,1e-06
Heun,80,0.0125,160,67,6,0.005369281975623112,0.023444056510925293,True,1e-06
Heun,80,0.0125,160,68,6,0.003258599460378308,0.01461559534072876,True,1e-06
Heun,80,0.0125,160,69,6,0.004786913973734143,0.026578307151794434,True,1e-06
Heun,80,0.0125,160,70,7,0.004819158307499816,0.021733760833740234,True,1.002172487207418e-06
Heun,80,0.0125,160,71,7,0.004296929858233204,0.047796830534935,True,1.3019912601984357e-06
Heun,80,0.0125,160,72,7,0.004330374573181959,0.016822129487991333,True,1e-06
Heun,80,0.0125,160,73,7,0.0037636260217249746,0.015353560447692871,True,1e-06
Heun,80,0.0125,160,74,7,0.007024648575473838,0.024046003818511963,True,1e-06
Heun,80,0.0125,160,75,7,0.002596505549387482,0.01034468412399292,False,1e-06
Heun,80,0.0125,160,76,7,0.0041292967408060426,0.016370534896850586,True,4.664503408117071e-06
Heun,80,0.0125,160,77,7,0.004477418209534676,0.029471516609191895,True,1e-06
Heun,80,0.0125,160,78,7,0.008043288071505991,0.03065025806427002,True,1e-06
Heun,80,0.0125,160,79,7,0.007486472851198081,0.029966115951538086,True,1e-06
Heun,80,0.0125,160,80,8,0.005838560631198486,0.023644745349884033,True,1e-06
Heun,80,0.0125,160,81,8,0.005294026576446545,0.0214158296585083,True,1e-06
Heun,80,0.0125,160,82,8,0.00691607003186152,0.026874840259552002,True,1e-06
Heun,80,0.0125,160,83,8,0.007592024411898514,0.033579468727111816,True,1e-06
Heun,80,0.0125,160,84,8,0.005490056767739885,0.018483281135559082,True,1.465383478007093e-06
Heun,80,0.0125,160,85,8,0.007945224486839207,0.07179945707321167,True,2.273783090272719e-06
Heun,80,0.0125,160,86,8,0.0071837982713289185,0.02502763271331787,True,1e-06
Heun,80,0.0125,160,87,8,0.009402679537711572,0.08608795702457428,True,1e-06
Heun,80,0.0125,160,88,8,0.01290484673984016,0.2419133186340332,True,2.2396403043488253e-06
Heun,80,0.0125,160,89,8,0.0061864360103637,0.0426253080368042,True,1.223397610678078e-06
Heun,80,0.0125,160,90,9,0.004648443376132526,0.051914870738983154,True,2.216658055858132e-06
Heun,80,0.0125,160,91,9,0.005483129451267849,0.02347588539123535,True,1e-06
Heun,80,0.0125,160,92,9,0.0071186941982596804,0.06864592432975769,True,2.181670229268033e-06
Heun,80,0.0125,160,93,9,0.008005744073156984,0.027068257331848145,True,1e-06
Heun,80,0.0125,160,94,9,0.004995873199767128,0.01929527521133423,False,1e-06
Heun,80,0.0125,160,95,9,0.0031655120289341234,0.021166980266571045,True,1e-06
Heun,80,0.0125,160,96,9,0.005620640913803789,0.027794241905212402,True,1.009288426726286e-06
Heun,80,0.0125,160,97,9,0.0080803604473479,0.03154408931732178,True,1e-06
Heun,80,0.0125,160,98,9,0.007440499901722149,0.02604985237121582,True,1e-06
Heun,80,0.0125,160,99,9,0.005674978041376288,0.021013855934143066,True,1e-06
Heun,160,0.00625,320,0,0,0.0028241976986791042,0.011631608009338379,True,1e-06
Heun,160,0.00625,320,1,0,0.0023154563570827098,0.011066436767578125,True,1e-06
Heun,160,0.00625,320,2,0,0.0029994174122269625,0.014437079429626465,True,1e-06
Heun,160,0.00625,320,3,0,0.005053319708040762,0.0732375979423523,True,1e-06
Heun,160,0.00625,320,4,0,0.003191656191625883,0.044514670968055725,True,1e-06
Heun,160,0.00625,320,5,0,0.002827056707941502,0.011668567080050707,True,1.7500830152219005e-06
Heun,160,0.00625,320,6,0,0.0028262857647114426,0.01104205846786499,True,1e-06
Heun,160,0.00625,320,7,0,0.0034839039152062753,0.022188425064086914,True,1e-06
Heun,160,0.00625,320,8,0,0.0030604824433316156,0.012804508209228516,True,1e-06
Heun,160,0.00625,320,9,0,0.003099184056833441,0.01572367548942566,True,1e-06
Heun,160,0.00625,320,10,1,0.002628165835550615,0.013907641172409058,True,1e-06
Heun,160,0.00625,320,11,1,0.002956981626387756,0.011789262294769287,True,1e-06
Heun,160,0.00625,320,12,1,0.0017404993963693722,0.008832372725009918,True,1e-06
Heun,160,0.00625,320,13,1,0.0015972953853516448,0.009139418601989746,True,1e-06
Heun,160,0.00625,320,14,1,0.0033963539570872423,0.013286411762237549,True,1e-06
Heun,160,0.00625,320,15,1,0.003956035929749067,0.03588074445724487,True,1.3317213891376878e-06
Heun,160,0.00625,320,16,1,0.002084103172246519,0.012777328491210938,True,1e-06
Heun,160,0.00625,320,17,1,0.0023903364216402365,0.009075284004211426,True,1e-06
Heun,160,0.00625,320,18,1,0.001921408824101156,0.029140710830688477,True,1e-06
Heun,160,0.00625,320,19,1,0.0023053120389354732,0.00937342643737793,True,1e-06
Heun,160,0.00625,320,20,2,0.003120691215127171,0.01238548755645752,True,1.0868335440780543e-06
Heun,160,0.00625,320,21,2,0.002826600672807825,0.01194232702255249,True,1e-06
Heun,160,0.00625,320,22,2,0.003855073304967976,0.042140424251556396,True,1e-06
Heun,160,0.00625,320,23,2,0.00245628903422672,0.01519244909286499,True,1.2352563854491178e-06
Heun,160,0.00625,320,24,2,0.003470104541104047,0.017390310764312744,True,1e-06
Heun,160,0.00625,320,25,2,0.006403603834698045,0.0888261345680803,True,2.339793996620816e-06
Heun,160,0.00625,320,26,2,0.0032271226457575228,0.03677856922149658,True,1e-06
Heun,160,0.00625,320,27,2,0.0025908330798025433,0.01043325662612915,True,1e-06
Heun,160,0.00625,320,28,2,0.0031630793629289166,0.01660856604576111,True,2.1685488822251237e-06
Heun,160,0.00625,320,29,2,0.003006855398602748,0.020813286304473877,True,1e-06
Heun,160,0.00625,320,30,3,0.0027320493479628762,0.01844799518585205,True,1.0251815674748809e-06
Heun,160,0.00625,320,31,3,0.002848720102945026,0.02491939067840576,False,1.0058863599914548e-06
Heun,160,0.00625,320,32,3,0.003215120172676029,0.010961800813674927,True,1e-06
Heun,160,0.00625,320,33,3,0.0021980603280234872,0.007833033800125122,True,1.1038277689729205e-06
Heun,160,0.00625,320,34,3,0.0023248474324380434,0.012075811624526978,True,1.2764821486052176e-06
Heun,160,0.00625,320,35,3,0.0024029958952304013,0.010093271732330322,True,2.024340481619809e-06
Heun,160,0.00625,320,36,3,0.0026795615578641906,0.012354612350463867,True,1e-06
Heun,160,0.00625,320,37,3,0.003411652754956984,0.03237536549568176,True,1e-06
Heun,160,0.00625,320,38,3,0.003568388511964457,0.012721627950668335,True,1.062211266275174e-06
Heun,160,0.00625,320,39,3,0.0025766449418333256,0.009053409099578857,True,1e-06
Heun,160,0.00625,320,40,4,0.0025156137588746934,0.010152041912078857,True,1e-06
Heun,160,0.00625,320,41,4,0.0026155634081199766,0.008466042578220367,True,1e-06
Heun,160,0.00625,320,42,4,0.008490454804513926,0.08877071738243103,True,2.5928913806302533e-06
Heun,160,0.00625,320,43,4,0.002904462772378594,0.010898828506469727,True,1e-06
Heun,160,0.00625,320,44,4,0.0030065470763823376,0.015039294958114624,True,1e-06
Heun,160,0.00625,320,45,4,0.002574246360749396,0.011081516742706299,True,1.672302531494149e-06
Heun,160,0.00625,320,46,4,0.0021945096098075815,0.01124081015586853,True,1e-06
Heun,160,0.00625,320,47,4,0.002983213364752866,0.0132368803024292,True,1e-06
Heun,160,0.00625,320,48,4,0.0023940729281836798,0.01444128155708313,True,1e-06
Heun,160,0.00625,320,49,4,0.002972039687338715,0.010161884129047394,True,1e-06
Heun,160,0.00625,320,50,5,0.005855925291062515,0.05911162495613098,True,1.8178964562934237e-06
Heun,160,0.00625,320,51,5,0.003235056482650697,0.012198686599731445,True,1e-06
Heun,160,0.00625,320,52,5,0.002911577175721722,0.010725319385528564,True,1e-06
Heun,160,0.00625,320,53,5,0.002374403360439485,0.00922483205795288,True,1e-06
Heun,160,0.00625,320,54,5,0.0037147838958683068,0.022899344563484192,True,1e-06
Heun,160,0.00625,320,55,5,0.002778952099293075,0.022419869899749756,True,1e-06
Heun,160,0.00625,320,56,5,0.0027070387081345945,0.023125678300857544,True,1.4590741595977263e-06
Heun,160,0.00625,320,57,5,0.0027431200681750597,0.03043791651725769,True,1.2469731555051633e-06
Heun,160,0.00625,320,58,5,0.003643951127634709,0.037612199783325195,True,1e-06
Heun,160,0.00625,320,59,5,0.007798286390362558,0.0704805850982666,True,2.5425618519701875e-06
Heun,160,0.00625,320,60,6,0.005933604729892953,0.06326653063297272,True,1.7914387306596396e-06
Heun,160,0.00625,320,61,6,0.0026783086313308373,0.02032637596130371,True,1e-06
Heun,160,0.00625,320,62,6,0.00379005123442541,0.0327315628528595,True,1e-06
Heun,160,0.00625,320,63,6,0.002907375549438347,0.024007320404052734,True,1.2142100713690488e-06
Heun,160,0.00625,320,64,6,0.0030354540758174295,0.0135728120803833,True,1.059778896784065e-06
Heun,160,0.00625,320,65,6,0.004125704241232281,0.034190833568573,True,1.0200925970424066e-06
Heun,160,0.00625,320,66,6,0.002806710733649835,0.01166766881942749,True,1e-06
Heun,160,0.00625,320,67,6,0.002468794762048672,0.00881648063659668,True,1e-06
Heun,160,0.00625,320,68,6,0.0017993554251379365,0.007934391498565674,True,1e-06
Heun,160,0.00625,320,69,6,0.0022821606102079303,0.00866711139678955,True,1e-06
Heun,160,0.00625,320,70,7,0.002426276240817885,0.009529948234558105,True,1.002172487207418e-06
Heun,160,0.00625,320,71,7,0.0024130795207624733,0.028533771634101868,True,1.3019912601984357e-06
Heun,160,0.00625,320,72,7,0.00332058937350019,0.04436081647872925,True,1e-06
Heun,160,0.00625,320,73,7,0.00225728329498366,0.009213536977767944,True,1e-06
Heun,160,0.00625,320,74,7,0.0028141367986247055,0.009892940521240234,True,1e-06
Heun,160,0.00625,320,75,7,0.0012627810772785494,0.008225258439779282,False,1e-06
Heun,160,0.00625,320,76,7,0.002927001729671908,0.01778852939605713,True,4.664503408117071e-06
Heun,160,0.00625,320,77,7,0.0020418861553339715,0.00786447525024414,True,1e-06
Heun,160,0.00625,320,78,7,0.0032105689370604184,0.012230396270751953,True,1e-06
Heun,160,0.00625,320,79,7,0.003046250820671357,0.011961221694946289,True,1e-06
Heun,160,0.00625,320,80,8,0.002741805705154026,0.013096794486045837,True,1e-06
Heun,160,0.00625,320,81,8,0.0028343827778440174,0.00942373275756836,True,1e-06
Heun,160,0.00625,320,82,8,0.0034722578869256777,0.017669081687927246,True,1e-06
Heun,160,0.00625,320,83,8,0.0038776216082545816,0.023306697607040405,True,1e-06
Heun,160,0.00625,320,84,8,0.0034308320639351883,0.027947992086410522,True,1.465383478007093e-06
Heun,160,0.00625,320,85,8,0.00810413692021403,0.0823783278465271,True,2.273783090272719e-06
Heun,160,0.00625,320,86,8,0.002964228078347764,0.008584260940551758,True,1e-06
Heun,160,0.00625,320,87,8,0.005637303165923082,0.06429962813854218,True,1e-06
Heun,160,0.00625,320,88,8,0.006139763926125247,0.10686761140823364,True,2.2396403043488253e-06
Heun,160,0.00625,320,89,8,0.004520517403222463,0.05116009712219238,True,1.223397610678078e-06
Heun,160,0.00625,320,90,9,0.0019342343258234292,0.02586883306503296,True,2.216658055858132e-06
Heun,160,0.00625,320,91,9,0.002466449327153123,0.01348971389234066,True,1e-06
Heun,160,0.00625,320,92,9,0.004521746707915055,0.053949564695358276,True,2.181670229268033e-06
Heun,160,0.00625,320,93,9,0.003400322231999157,0.011610090732574463,True,1e-06
Heun,160,0.00625,320,94,9,0.0023515458357526724,0.010477244853973389,False,1e-06
Heun,160,0.00625,320,95,9,0.0018175483601941386,0.005972212180495262,True,1e-06
Heun,160,0.00625,320,96,9,0.00233468443303723,0.0078067779541015625,True,1.009288426726286e-06
Heun,160,0.00625,320,97,9,0.003295039312187755,0.013340771198272705,True,1e-06
Heun,160,0.00625,320,98,9,0.003237737040660243,0.01091688871383667,True,1e-06
Heun,160,0.00625,320,99,9,0.003091300703877568,0.014657855033874512,True,1e-06
Heun,320,0.003125,640,0,0,0.0009758786749258244,0.005324244499206543,True,1e-06
Heun,320,0.003125,640,1,0,0.000638734680955072,0.0021102428436279297,True,1e-06
Heun,320,0.003125,640,2,0,0.0010004885387300633,0.0054013729095458984,True,1e-06
Heun,320,0.003125,640,3,0,0.0003480526559486877,0.0012413263320922852,True,1e-06
Heun,320,0.003125,640,4,0,0.0006889951139210936,0.002257406711578369,True,1e-06
Heun,320,0.003125,640,5,0,0.0008233463779209969,0.002693355083465576,True,1.7500830152219005e-06
Heun,320,0.003125,640,6,0,0.000828211664514613,0.0032486915588378906,True,1e-06
Heun,320,0.003125,640,7,0,0.0007511295561119596,0.0031174421310424805,True,1e-06
Heun,320,0.003125,640,8,0,0.0008736895972583552,0.0033208727836608887,True,1e-06
Heun,320,0.003125,640,9,0,0.0006535458870245777,0.0028397440910339355,True,1e-06
Heun,320,0.003125,640,10,1,0.0007668859505714922,0.002520918846130371,True,1e-06
Heun,320,0.003125,640,11,1,0.0009474573209052538,0.004161417484283447,True,1e-06
Heun,320,0.003125,640,12,1,0.0006193807712288606,0.0020824074745178223,True,1e-06
Heun,320,0.003125,640,13,1,0.0006139414055272272,0.0021021366119384766,True,1e-06
Heun,320,0.003125,640,14,1,0.001214909559107973,0.005555868148803711,True,1e-06
Heun,320,0.003125,640,15,1,0.0009920916542818835,0.004072606563568115,True,1.3317213891376878e-06
Heun,320,0.003125,640,16,1,0.0006911458066479225,0.0022886991500854492,True,1e-06
Heun,320,0.003125,640,17,1,0.0009643205324954062,0.0033649802207946777,True,1e-06
Heun,320,0.003125,640,18,1,0.0005451706966245841,0.0022910237312316895,True,1e-06
Heun,320,0.003125,640,19,1,0.000831389858098142,0.0034134387969970703,True,1e-06
Heun,320,0.003125,640,20,2,0.0008745263453071902,0.003753185272216797,True,1.0868335440780543e-06
Heun,320,0.003125,640,21,2,0.0008883286546806993,0.003574192523956299,True,1e-06
Heun,320,0.003125,640,22,2,0.0007808032335853424,0.002819955348968506,True,1e-06
Heun,320,0.003125,640,23,2,0.0007164771676270887,0.0022556185722351074,True,1.2352563854491178e-06
Heun,320,0.003125,640,24,2,0.0009970033166620267,0.004020035266876221,True,1e-06
Heun,320,0.003125,640,25,2,0.0007642354470881384,0.002478301525115967,True,2.339793996620816e-06
Heun,320,0.003125,640,26,2,0.0007919909923185144,0.002474665641784668,True,1e-06
Heun,320,0.003125,640,27,2,0.0008615562803712875,0.0032982230186462402,True,1e-06
Heun,320,0.003125,640,28,2,0.0007420871835277335,0.0027457475662231445,True,2.1685488822251237e-06
Heun,320,0.003125,640,29,2,0.000702373944832911,0.0021097660064697266,True,1e-06
Heun,320,0.003125,640,30,3,0.0007846003045056489,0.0028606057167053223,True,1.0251815674748809e-06
Heun,320,0.003125,640,31,3,0.0006344662796656334,0.0019903182983398438,False,1.0058863599914548e-06
Heun,320,0.003125,640,32,3,0.0009140832394702199,0.002955317497253418,True,1e-06
Heun,320,0.003125,640,33,3,0.0006693720153818679,0.002185642719268799,True,1.1038277689729205e-06
Heun,320,0.003125,640,34,3,0.0006443004534915933,0.0020868778228759766,True,1.2764821486052176e-06
Heun,320,0.003125,640,35,3,0.0007683613599799155,0.003397822380065918,True,2.024340481619809e-06
Heun,320,0.003125,640,36,3,0.000846331108939421,0.004126787185668945,True,1e-06
Heun,320,0.003125,640,37,3,0.0005228157565798653,0.0019425153732299805,True,1e-06
Heun,320,0.003125,640,38,3,0.0010071425322576546,0.0033551454544067383,True,1.062211266275174e-06
Heun,320,0.003125,640,39,3,0.0008432045663488716,0.002901434898376465,True,1e-06
Heun,320,0.003125,640,40,4,0.0008942287083355892,0.003220975399017334,True,1e-06
Heun,320,0.003125,640,41,4,0.0008557441375648934,0.002785325050354004,True,1e-06
Heun,320,0.003125,640,42,4,0.0008980540767297441,0.0027780532836914062,True,2.5928913806302533e-06
Heun,320,0.003125,640,43,4,0.0009860051562602724,0.003599882125854492,True,1e-06
Heun,320,0.003125,640,44,4,0.0009752139790924223,0.003874361515045166,True,1e-06
Heun,320,0.003125,640,45,4,0.0007334152564803781,0.002733469009399414,True,1.672302531494149e-06
Heun,320,0.003125,640,46,4,0.0007779241121303856,0.002454817295074463,True,1e-06
Heun,320,0.003125,640,47,4,0.0009925165787227728,0.004297077655792236,True,1e-06
Heun,320,0.003125,640,48,4,0.0008392256866147715,0.002619922161102295,True,1e-06
Heun,320,0.003125,640,49,4,0.0008948906692182122,0.0030517578125,True,1e-06
Heun,320,0.003125,640,50,5,0.000954669230324257,0.0037500858306884766,True,1.8178964562934237e-06
Heun,320,0.003125,640,51,5,0.001080105136949693,0.0040779709815979,True,1e-06
Heun,320,0.003125,640,52,5,0.0010061284267987457,0.0035695433616638184,True,1e-06
Heun,320,0.003125,640,53,5,0.0009260534921805138,0.0034621357917785645,True,1e-06
Heun,320,0.003125,640,54,5,0.0011018598234764634,0.004518270492553711,True,1e-06
Heun,320,0.003125,640,55,5,0.0006772678784660533,0.0023987889289855957,True,1e-06
Heun,320,0.003125,640,56,5,0.00047078769062769237,0.001470804214477539,True,1.4590741595977263e-06
Heun,320,0.003125,640,57,5,0.0005857093920797079,0.0018180608749389648,True,1.2469731555051633e-06
Heun,320,0.003125,640,58,5,0.0008183002304676321,0.003569483757019043,True,1e-06
Heun,320,0.003125,640,59,5,0.0005437964087169155,0.0018534660339355469,True,2.5425618519701875e-06
Heun,320,0.003125,640,60,6,0.0005950093900792234,0.002133697271347046,True,1.7914387306596396e-06
Heun,320,0.003125,640,61,6,0.0004920038750743551,0.001738429069519043,True,1e-06
Heun,320,0.003125,640,62,6,0.0009559396041799389,0.0033921003341674805,True,1e-06
Heun,320,0.003125,640,63,6,0.0006655889962865183,0.002366483211517334,True,1.2142100713690488e-06
Heun,320,0.003125,640,64,6,0.0009418791008615204,0.0035772323608398438,True,1.059778896784065e-06
Heun,320,0.003125,640,65,6,0.0009730437802930763,0.0032682418823242188,True,1.0200925970424066e-06
Heun,320,0.003125,640,66,6,0.0009191528462529148,0.002826392650604248,True,1e-06
Heun,320,0.003125,640,67,6,0.0008679609357713908,0.0028074979782104492,True,1e-06
Heun,320,0.003125,640,68,6,0.0007910115421273264,0.0021799206733703613,True,1e-06
Heun,320,0.003125,640,69,6,0.0009203504773017366,0.0033577680587768555,True,1e-06
Heun,320,0.003125,640,70,7,0.0008337420880778824,0.003081977367401123,True,1.002172487207418e-06
Heun,320,0.003125,640,71,7,0.0006533134465419965,0.0021848082542419434,True,1.3019912601984357e-06
Heun,320,0.003125,640,72,7,0.0007758430226048161,0.0022330880165100098,True,1e-06
Heun,320,0.003125,640,73,7,0.000755777862689101,0.0023207664489746094,True,1e-06
Heun,320,0.003125,640,74,7,0.0009114914514127959,0.0031213760375976562,True,1e-06
Heun,320,0.003125,640,75,7,0.0004183048681358938,0.0014036893844604492,False,1e-06
Heun,320,0.003125,640,76,7,0.0009311568320680192,0.0032851696014404297,True,4.664503408117071e-06
Heun,320,0.003125,640,77,7,0.0008096448396970537,0.002887725830078125,True,1e-06
Heun,320,0.003125,640,78,7,0.0009521462596430668,0.004050731658935547,True,1e-06
Heun,320,0.003125,640,79,7,0.001004817625803539,0.0036284923553466797,True,1e-06
Heun,320,0.003125,640,80,8,0.000875762350876662,0.002601921558380127,True,1e-06
Heun,320,0.003125,640,81,8,0.0009849080015792867,0.0031396150588989258,True,1e-06
Heun,320,0.003125,640,82,8,0.0009876343847057762,0.00387728214263916,True,1e-06
Heun,320,0.003125,640,83,8,0.0008278650501284186,0.0030825138092041016,True,1e-06
Heun,320,0.003125,640,84,8,0.0005554651481006564,0.0020445585250854492,True,1.465383478007093e-06
Heun,320,0.003125,640,85,8,0.0003725716901783944,0.0014142394065856934,True,2.273783090272719e-06
Heun,320,0.003125,640,86,8,0.0008596562598999455,0.002596259117126465,True,1e-06
Heun,320,0.003125,640,87,8,0.0008996229133992397,0.004108548164367676,True,1e-06
Heun,320,0.003125,640,88,8,0.0008774212393217315,0.002534806728363037,True,2.2396403043488253e-06
Heun,320,0.003125,640,89,8,0.0005756996148458234,0.0018728971481323242,True,1.223397610678078e-06
Heun,320,0.003125,640,90,9,0.000337304279751732,0.001279592514038086,True,2.216658055858132e-06
Heun,320,0.003125,640,91,9,0.0008823645658132714,0.0028971433639526367,True,1e-06
Heun,320,0.003125,640,92,9,0.000739019066155945,0.0022438764572143555,True,2.181670229268033e-06
Heun,320,0.003125,640,93,9,0.0011175750307645597,0.003881692886352539,True,1e-06
Heun,320,0.003125,640,94,9,0.0008742132642640051,0.0034429430961608887,False,1e-06
Heun,320,0.003125,640,95,9,0.0007722117890850145,0.0023438334465026855,True,1e-06
Heun,320,0.003125,640,96,9,0.000755455433916975,0.0022192001342773438,True,1.009288426726286e-06
Heun,320,0.003125,640,97,9,0.001080505133443068,0.0044266581535339355,True,1e-06
Heun,320,0.003125,640,98,9,0.0010100700460752168,0.003491640090942383,True,1e-06
Heun,320,0.003125,640,99,9,0.0009912912703828071,0.0033466219902038574,True,1e-06
Heun,640,0.0015625,1280,0,0,0.0002967581387311434,0.0018287897109985352,True,1e-06
Heun,640,0.0015625,1280,1,0,0.0001566778124176837,0.0005397200584411621,True,1e-06
Heun,640,0.0015625,1280,2,0,0.0002726592825424364,0.0014913082122802734,True,1e-06
Heun,640,0.0015625,1280,3,0,8.082355803516328e-05,0.0003355741500854492,True,1e-06
Heun,640,0.0015625,1280,4,0,0.0002469962683201889,0.0008705258369445801,True,1e-06
Heun,640,0.0015625,1280,5,0,0.00020303169550868146,0.0007396340370178223,True,1.7500830152219005e-06
Heun,640,0.0015625,1280,6,0,0.00021359619379357118,0.0008046627044677734,True,1e-06
Heun,640,0.0015625,1280,7,0,0.00016550446670975474,0.0006959438323974609,True,1e-06
Heun,640,0.0015625,1280,8,0,0.00022338361946623844,0.0009237527847290039,True,1e-06
Heun,640,0.0015625,1280,9,0,0.00016238783831986568,0.0007777810096740723,True,1e-06
Heun,640,0.0015625,1280,10,1,0.0003601364730658441,0.0012197494506835938,True,1e-06
Heun,640,0.0015625,1280,11,1,0.0003336774632163184,0.001420140266418457,True,1e-06
Heun,640,0.0015625,1280,12,1,0.0002747333272383529,0.0008836984634399414,True,1e-06
Heun,640,0.0015625,1280,13,1,0.000305699270098198,0.0010520219802856445,True,1e-06
Heun,640,0.0015625,1280,14,1,0.0003841712481281364,0.0018126964569091797,True,1e-06
Heun,640,0.0015625,1280,15,1,0.0003043906012015359,0.0014712214469909668,True,1.3317213891376878e-06
Heun,640,0.0015625,1280,16,1,0.00027738886720943983,0.0009424090385437012,True,1e-06
Heun,640,0.0015625,1280,17,1,0.0003749442583125534,0.0012292861938476562,True,1e-06
Heun,640,0.0015625,1280,18,1,0.0002673746630396632,0.000986635684967041,True,1e-06
Heun,640,0.0015625,1280,19,1,0.000365906781403162,0.0015253424644470215,True,1e-06
Heun,640,0.0015625,1280,20,2,0.00023689363515372983,0.0010939836502075195,True,1.0868335440780543e-06
Heun,640,0.0015625,1280,21,2,0.0002404546806816902,0.0009437799453735352,True,1e-06
Heun,640,0.0015625,1280,22,2,0.0002811339986893334,0.0010513663291931152,True,1e-06
Heun,640,0.0015625,1280,23,2,0.00021110766048087793,0.0007082819938659668,True,1.2352563854491178e-06
Heun,640,0.0015625,1280,24,2,0.00025783817527719427,0.0010907649993896484,True,1e-06
Heun,640,0.0015625,1280,25,2,0.00019799641361233517,0.000695645809173584,True,2.339793996620816e-06
Heun,640,0.0015625,1280,26,2,0.0002658742545078898,0.0009198188781738281,True,1e-06
Heun,640,0.0015625,1280,27,2,0.00024862904674597715,0.000982046127319336,True,1e-06
Heun,640,0.0015625,1280,28,2,0.00016664542789991194,0.0006290674209594727,True,2.1685488822251237e-06
Heun,640,0.0015625,1280,29,2,0.00018639172357578097,0.0006823539733886719,True,1e-06
Heun,640,0.0015625,1280,30,3,0.0002698994022557786,0.0009888410568237305,True,1.0251815674748809e-06
Heun,640,0.0015625,1280,31,3,0.00022982414780966346,0.0006506443023681641,False,1.0058863599914548e-06
Heun,640,0.0015625,1280,32,3,0.00021358601664162572,0.0006749629974365234,True,1e-06
Heun,640,0.0015625,1280,33,3,0.00020304978137222597,0.0006383061408996582,True,1.1038277689729205e-06
Heun,640,0.0015625,1280,34,3,0.00016167221751376155,0.0006015896797180176,True,1.2764821486052176e-06
Heun,640,0.0015625,1280,35,3,0.00022103022437091108,0.0010112524032592773,True,2.024340481619809e-06
Heun,640,0.0015625,1280,36,3,0.00021326423996296262,0.0011647939682006836,True,1e-06
Heun,640,0.0015625,1280,37,3,0.00011627084643873616,0.0005265474319458008,True,1e-06
Heun,640,0.0015625,1280,38,3,0.00026098567333541085,0.0008662939071655273,True,1.062211266275174e-06
Heun,640,0.0015625,1280,39,3,0.00023082101102075208,0.0008735060691833496,True,1e-06
Heun,640,0.0015625,1280,40,4,0.0003230345608932809,0.0010551810264587402,True,1e-06
Heun,640,0.0015625,1280,41,4,0.00024518464055107823,0.0008862018585205078,True,1e-06
Heun,640,0.0015625,1280,42,4,0.0002539915658209443,0.0009150505065917969,True,2.5928913806302533e-06
Heun,640,0.0015625,1280,43,4,0.0002869489119279957,0.0011679530143737793,True,1e-06
Heun,640,0.0015625,1280,44,4,0.0002974329261983227,0.0012813806533813477,True,1e-06
Heun,640,0.0015625,1280,45,4,0.00019640580587483223,0.0007356405258178711,True,1.672302531494149e-06
Heun,640,0.0015625,1280,46,4,0.0003029818218976228,0.0010203719139099121,True,1e-06
Heun,640,0.0015625,1280,47,4,0.0002822029980862322,0.0013328194618225098,True,1e-06
Heun,640,0.0015625,1280,48,4,0.0002612183688914532,0.0009542703628540039,True,1e-06
Heun,640,0.0015625,1280,49,4,0.00024157502625772,0.0009430646896362305,True,1e-06
Heun,640,0.0015625,1280,50,5,0.0002718954020238994,0.0011156797409057617,True,1.8178964562934237e-06
Heun,640,0.0015625,1280,51,5,0.00029480472798916745,0.0011638402938842773,True,1e-06
Heun,640,0.0015625,1280,52,5,0.00031708950590465514,0.0011107921600341797,True,1e-06
Heun,640,0.0015625,1280,53,5,0.0003277673561989835,0.0011839866638183594,True,1e-06
Heun,640,0.0015625,1280,54,5,0.0002965483683544872,0.0012230873107910156,True,1e-06
Heun,640,0.0015625,1280,55,5,0.0001935884379057086,0.0007455348968505859,True,1e-06
Heun,640,0.0015625,1280,56,5,0.00011858741989436129,0.0004049539566040039,True,1.4590741595977263e-06
Heun,640,0.0015625,1280,57,5,0.00017317543015385632,0.0005340576171875,True,1.2469731555051633e-06
Heun,640,0.0015625,1280,58,5,0.00019762657567326793,0.0009150505065917969,True,1e-06
Heun,640,0.0015625,1280,59,5,0.0001253260794909271,0.0004546046257019043,True,2.5425618519701875e-06
Heun,640,0.0015625,1280,60,6,0.00016857240861796916,0.0005018115043640137,True,1.7914387306596396e-06
Heun,640,0.0015625,1280,61,6,0.00012671258410350926,0.00048023462295532227,True,1e-06
Heun,640,0.0015625,1280,62,6,0.0002932215188107602,0.0010134577751159668,True,1e-06
Heun,640,0.0015625,1280,63,6,0.00020151827891522642,0.0006557703018188477,True,1.2142100713690488e-06
Heun,640,0.0015625,1280,64,6,0.0003019489315824479,0.001189589500427246,True,1.059778896784065e-06
Heun,640,0.0015625,1280,65,6,0.00024726305843702573,0.0008544921875,True,1.0200925970424066e-06
Heun,640,0.0015625,1280,66,6,0.0002758895333192609,0.000839531421661377,True,1e-06
Heun,640,0.0015625,1280,67,6,0.00027328578768132767,0.0009111762046813965,True,1e-06
Heun,640,0.0015625,1280,68,6,0.00028619484300399276,0.0008315443992614746,True,1e-06
Heun,640,0.0015625,1280,69,6,0.00035458335774526695,0.0012886524200439453,True,1e-06
Heun,640,0.0015625,1280,70,7,0.00023933956542571887,0.0009717941284179688,True,1.002172487207418e-06
Heun,640,0.0015625,1280,71,7,0.0002112666895428398,0.0007218718528747559,True,1.3019912601984357e-06
Heun,640,0.0015625,1280,72,7,0.00021670158010701364,0.0007126331329345703,True,1e-06
Heun,640,0.0015625,1280,73,7,0.00023857679923095255,0.0007924437522888184,True,1e-06
Heun,640,0.0015625,1280,74,7,0.0002445078167373413,0.0008269548416137695,True,1e-06
Heun,640,0.0015625,1280,75,7,0.00014948567218261101,0.0005018711090087891,False,1e-06
Heun,640,0.0015625,1280,76,7,0.0003572723212702767,0.0012269020080566406,True,4.664503408117071e-06
Heun,640,0.0015625,1280,77,7,0.00033411605558608817,0.0011227130889892578,True,1e-06
Heun,640,0.0015625,1280,78,7,0.0002784928969515727,0.00154799222946167,True,1e-06
Heun,640,0.0015625,1280,79,7,0.0002883526272154472,0.001105666160583496,True,1e-06
Heun,640,0.0015625,1280,80,8,0.0002563186273246313,0.0007776618003845215,True,1e-06
Heun,640,0.0015625,1280,81,8,0.00026112262841599375,0.000809788703918457,True,1e-06
Heun,640,0.0015625,1280,82,8,0.0002492988755442902,0.0010315179824829102,True,1e-06
Heun,640,0.0015625,1280,83,8,0.00020818112403728749,0.0007820725440979004,True,1e-06
Heun,640,0.0015625,1280,84,8,0.00012200051665308709,0.0005388259887695312,True,1.465383478007093e-06
Heun,640,0.0015625,1280,85,8,9.193990311629964e-05,0.0004221796989440918,True,2.273783090272719e-06
Heun,640,0.0015625,1280,86,8,0.00019723710334302382,0.0006356239318847656,True,1e-06
Heun,640,0.0015625,1280,87,8,0.0002199653782023949,0.0011640191078186035,True,1e-06
Heun,640,0.0015625,1280,88,8,0.00026535871314135276,0.0007661581039428711,True,2.2396403043488253e-06
Heun,640,0.0015625,1280,89,8,0.00013040568935275885,0.0004489421844482422,True,1.223397610678078e-06
Heun,640,0.0015625,1280,90,9,0.00015147600471911615,0.0004076361656188965,True,2.216658055858132e-06
Heun,640,0.0015625,1280,91,9,0.00029480463214200673,0.0010553598403930664,True,1e-06
Heun,640,0.0015625,1280,92,9,0.0002005036149059594,0.0006749629974365234,True,2.181670229268033e-06
Heun,640,0.0015625,1280,93,9,0.00031787547258935975,0.0010546445846557617,True,1e-06
Heun,640,0.0015625,1280,94,9,0.00028923401904287733,0.000994563102722168,False,1e-06
Heun,640,0.0015625,1280,95,9,0.0002737815417561108,0.0008488297462463379,True,1e-06
Heun,640,0.0015625,1280,96,9,0.00020330072052585847,0.0006119608879089355,True,1.009288426726286e-06
Heun,640,0.0015625,1280,97,9,0.0003330033217889067,0.001300215721130371,True,1e-06
Heun,640,0.0015625,1280,98,9,0.00028818043702521194,0.0009723901748657227,True,1e-06
Heun,640,0.0015625,1280,99,9,0.0003143259816849067,0.0010506510734558105,True,1e-06
RK4,1,1.0,4,0,0,0.32710136429945935,2.3745795488357544,True,1e-06
RK4,1,1.0,4,1,0,0.2925731484241536,1.3752180337905884,True,1e-06
RK4,1,1.0,4,2,0,0.4059353003628674,2.088671088218689,True,1e-06
RK4,1,1.0,4,3,0,0.45662503068736554,2.178145408630371,True,1e-06
RK4,1,1.0,4,4,0,0.29018271666561934,2.174138367176056,True,1e-06
RK4,1,1.0,4,5,0,0.44671774089870697,2.0204080939292908,True,1.7500830152219005e-06
RK4,1,1.0,4,6,0,0.36973353255801183,2.6649604439735413,True,1e-06
RK4,1,1.0,4,7,0,0.3016565438461757,2.1951892375946045,True,1e-06
RK4,1,1.0,4,8,0,0.38961508952309476,2.5227919816970825,True,1e-06
RK4,1,1.0,4,9,0,0.36961273192403604,1.854577362537384,True,1e-06
RK4,1,1.0,4,10,1,0.30047888375845444,2.2844424843788147,True,1e-06
RK4,1,1.0,4,11,1,0.3474145111454004,2.291294574737549,True,1e-06
RK4,1,1.0,4,12,1,0.27778450092749485,2.8379966020584106,True,1e-06
RK4,1,1.0,4,13,1,0.2924331216694364,1.0124830603599548,True,1e-06
RK4,1,1.0,4,14,1,0.2944597280836804,1.2626216411590576,True,1e-06
RK4,1,1.0,4,15,1,0.31877668037265605,3.8144803047180176,True,1.3317213891376878e-06
RK4,1,1.0,4,16,1,0.27420027063990643,2.738947629928589,True,1e-06
RK4,1,1.0,4,17,1,0.44368293193465047,2.1765297055244446,True,1e-06
RK4,1,1.0,4,18,1,0.28888416527316213,1.7272381782531738,True,1e-06
RK4,1,1.0,4,19,1,0.3414768322045897,2.02950382232666,True,1e-06
RK4,1,1.0,4,20,2,0.4031597567880725,1.8572025299072266,True,1.0868335440780543e-06
RK4,1,1.0,4,21,2,0.3969857960316931,2.3267306685447693,True,1e-06
RK4,1,1.0,4,22,2,0.30800045732583603,2.3899452686309814,True,1e-06
RK4,1,1.0,4,23,2,0.2726920557020546,1.998150885105133,True,1.2352563854491178e-06
RK4,1,1.0,4,24,2,0.26929064837254535,0.991179347038269,True,1e-06
RK4,1,1.0,4,25,2,0.4586733239183984,2.118737578392029,True,2.339793996620816e-06
RK4,1,1.0,4,26,2,0.4818862482726319,2.2745728492736816,True,1e-06
RK4,1,1.0,4,27,2,0.46228997289518836,2.0538325905799866,True,1e-06
RK4,1,1.0,4,28,2,0.34650711396305706,2.2185875177383423,True,2.1685488822251237e-06
RK4,1,1.0,4,29,2,0.32505360364696856,1.7377392053604126,True,1e-06
RK4,1,1.0,4,30,3,0.3727936024306829,2.2049994468688965,True,1.0251815674748809e-06
RK4,1,1.0,4,31,3,0.4460652636181893,2.3115707635879517,True,1.0058863599914548e-06
RK4,1,1.0,4,32,3,0.289449982042734,1.6444110870361328,True,1e-06
RK4,1,1.0,4,33,3,0.33528612973822447,1.6619855761528015,True,1.1038277689729205e-06
RK4,1,1.0,4,34,3,0.4472056796959389,2.118745803833008,True,1.2764821486052176e-06
RK4,1,1.0,4,35,3,0.3259218803851889,2.319344699382782,True,2.024340481619809e-06
RK4,1,1.0,4,36,3,0.2761239502995058,1.3274312317371368,True,1e-06
RK4,1,1.0,4,37,3,0.4784827987830226,2.2984220385551453,True,1e-06
RK4,1,1.0,4,38,3,0.44801287120257677,2.2085126638412476,True,1.062211266275174e-06
RK4,1,1.0,4,39,3,0.38315829794487083,2.144636392593384,True,1e-06
RK4,1,1.0,4,40,4,0.3774314315907681,1.6509435176849365,True,1e-06
RK4,1,1.0,4,41,4,0.4368153653211815,2.420853614807129,True,1e-06
RK4,1,1.0,4,42,4,0.38071453350568973,1.8652364015579224,True,2.5928913806302533e-06
RK4,1,1.0,4,43,4,0.43275879372328274,2.4265886545181274,True,1e-06
RK4,1,1.0,4,44,4,0.28358055851855574,2.2759439945220947,True,1e-06
RK4,1,1.0,4,45,4,0.4111244793339285,2.4926478266716003,True,1.672302531494149e-06
RK4,1,1.0,4,46,4,0.2703985667904925,1.8491252064704895,True,1e-06
RK4,1,1.0,4,47,4,0.35713716955961866,2.2244434356689453,True,1e-06
RK4,1,1.0,4,48,4,0.32060994384170316,2.4565978050231934,True,1e-06
RK4,1,1.0,4,49,4,0.30182797617206775,2.572679579257965,True,1e-06
RK4,1,1.0,4,50,5,0.4503667442854438,1.8862996697425842,True,1.8178964562934237e-06
RK4,1,1.0,4,51,5,0.36131755359497814,2.94547963142395,True,1e-06
RK4,1,1.0,4,52,5,0.3652684677550451,1.8128105998039246,True,1e-06
RK4,1,1.0,4,53,5,0.34215118533108435,2.1656904220581055,True,1e-06
RK4,1,1.0,4,54,5,0.34936612583422005,2.4903366565704346,True,1e-06
RK4,1,1.0,4,55,5,0.4229411941343665,2.330672264099121,True,1e-06
RK4,1,1.0,4,56,5,0.3967809326617077,1.822080373764038,True,1.4590741595977263e-06
RK4,1,1.0,4,57,5,0.3905231307560034,2.7732149958610535,False,1.2469731555051633e-06
RK4,1,1.0,4,58,5,0.3965896996680353,2.3697800636291504,True,1e-06
RK4,1,1.0,4,59,5,0.4251752731729192,2.043826103210449,True,2.5425618519701875e-06
RK4,1,1.0,4,60,6,0.3623783484939314,1.9246880412101746,True,1.7914387306596396e-06
RK4,1,1.0,4,61,6,0.44471556460051603,2.1051483750343323,True,1e-06
RK4,1,1.0,4,62,6,0.42180475289615477,2.02370685338974,True,1e-06
RK4,1,1.0,4,63,6,0.3726502395451861,2.236101269721985,True,1.2142100713690488e-06
RK4,1,1.0,4,64,6,0.3858779357326052,2.661133050918579,True,1.059778896784065e-06
RK4,1,1.0,4,65,6,0.32104844908578606,2.2455090284347534,True,1.0200925970424066e-06
RK4,1,1.0,4,66,6,0.3440986971257249,3.692621886730194,True,1e-06
RK4,1,1.0,4,67,6,0.3033450454296254,3.3628629446029663,True,1e-06
RK4,1,1.0,4,68,6,0.37007291882139165,2.5919565558433533,True,1e-06
RK4,1,1.0,4,69,6,0.33463892733463024,2.076811909675598,True,1e-06
RK4,1,1.0,4,70,7,0.3770392090752481,1.8725454807281494,True,1.002172487207418e-06
RK4,1,1.0,4,71,7,0.268290354549457,1.2336333394050598,True,1.3019912601984357e-06
RK4,1,1.0,4,72,7,0.4742767730598681,2.0980945825576782,True,1e-06
RK4,1,1.0,4,73,7,0.46362949455191826,3.092546582221985,True,1e-06
RK4,1,1.0,4,74,7,0.32607095185026197,2.4450292587280273,True,1e-06
RK4,1,1.0,4,75,7,0.3465832924599369,1.545568823814392,True,1e-06
RK4,1,1.0,4,76,7,0.6017264614742466,2.2632485032081604,True,4.664503408117071e-06
RK4,1,1.0,4,77,7,0.26322104100849175,1.6671579480171204,True,1e-06
RK4,1,1.0,4,78,7,0.3385509919883653,2.1257734298706055,True,1e-06
RK4,1,1.0,4,79,7,0.3099892334157943,2.0212597250938416,True,1e-06
RK4,1,1.0,4,80,8,0.27230052214870554,2.0956656336784363,True,1e-06
RK4,1,1.0,4,81,8,0.30817323170541255,1.8106412291526794,True,1e-06
RK4,1,1.0,4,82,8,0.3041684040990968,1.6405178308486938,True,1e-06
RK4,1,1.0,4,83,8,0.32675073151692363,1.5904704332351685,True,1e-06
RK4,1,1.0,4,84,8,0.3866603922546993,1.7998194694519043,True,1.465383478007093e-06
RK4,1,1.0,4,85,8,0.5488060057459773,2.2410783171653748,True,2.273783090272719e-06
RK4,1,1.0,4,86,8,0.27878039602391663,2.1294275522232056,True,1e-06
RK4,1,1.0,4,87,8,0.4699501434258977,2.951040506362915,True,1e-06
RK4,1,1.0,4,88,8,0.26996654666838416,1.889521837234497,True,2.2396403043488253e-06
RK4,1,1.0,4,89,8,0.28040511906717225,2.4638679027557373,True,1.223397610678078e-06
RK4,1,1.0,4,90,9,0.2437089628952407,1.8661232441663742,True,2.216658055858132e-06
RK4,1,1.0,4,91,9,0.44817967344955123,2.1153799295425415,True,1e-06
RK4,1,1.0,4,92,9,0.3173088839656016,2.6427634954452515,True,2.181670229268033e-06
RK4,1,1.0,4,93,9,0.2616068574681584,1.8949662446975708,True,1e-06
RK4,1,1.0,4,94,9,0.2805493580643896,2.46609890460968,True,1e-06
RK4,1,1.0,4,95,9,0.3351759962757931,2.7253218293190002,True,1e-06
RK4,1,1.0,4,96,9,0.28104634300573667,2.8348209261894226,True,1.009288426726286e-06
RK4,1,1.0,4,97,9,0.2877240118481391,1.5054728984832764,True,1e-06
RK4,1,1.0,4,98,9,0.2847912358016751,2.2929200530052185,True,1e-06
RK4,1,1.0,4,99,9,0.3336165453969095,1.7463578581809998,True,1e-06
RK4,2,0.5,8,0,0,0.15165263509419777,0.6032832264900208,True,1e-06
RK4,2,0.5,8,1,0,0.16640919859506306,0.6473832726478577,True,1e-06
RK4,2,0.5,8,2,0,0.12039741837932853,0.6454634666442871,True,1e-06
RK4,2,0.5,8,3,0,0.13316916479619237,0.669385552406311,True,1e-06
RK4,2,0.5,8,4,0,0.12865516200894836,0.5957627296447754,True,1e-06
RK4,2,0.5,8,5,0,0.16519043651758145,0.7604720592498779,True,1.7500830152219005e-06
RK4,2,0.5,8,6,0,0.15266214951548177,0.8472201973199844,True,1e-06
RK4,2,0.5,8,7,0,0.1587836721217833,0.808710515499115,True,1e-06
RK4,2,0.5,8,8,0,0.14761836289147554,0.7337997555732727,True,1e-06
RK4,2,0.5,8,9,0,0.14388918255116048,0.689816951751709,True,1e-06
RK4,2,0.5,8,10,1,0.17460735098879307,0.7306725978851318,True,1e-06
RK4,2,0.5,8,11,1,0.15643330053748603,1.078372597694397,True,1e-06
RK4,2,0.5,8,12,1,0.15539830779711722,0.6072595715522766,True,1e-06
RK4,2,0.5,8,13,1,0.1569740411141768,0.6378971934318542,True,1e-06
RK4,2,0.5,8,14,1,0.1331367202693455,0.45436108112335205,True,1e-06
RK4,2,0.5,8,15,1,0.15709409181146705,0.567288875579834,True,1.3317213891376878e-06
RK4,2,0.5,8,16,1,0.13405311304212117,0.6437342762947083,True,1e-06
RK4,2,0.5,8,17,1,0.14000738681578948,0.508328378200531,True,1e-06
RK4,2,0.5,8,18,1,0.1278760604769871,0.4992477297782898,True,1e-06
RK4,2,0.5,8,19,1,0.1353844277533618,1.0521250739693642,True,1e-06
RK4,2,0.5,8,20,2,0.2018579819184609,1.7017437815666199,True,1.0868335440780543e-06
RK4,2,0.5,8,21,2,0.1539886372629167,0.5812482833862305,True,1e-06
RK4,2,0.5,8,22,2,0.133854901586648,1.8947254419326782,True,1e-06
RK4,2,0.5,8,23,2,0.14882414020218573,1.241711974143982,True,1.2352563854491178e-06
RK4,2,0.5,8,24,2,0.14654822379803867,0.599527895450592,True,1e-06
RK4,2,0.5,8,25,2,0.13471939297618504,0.6747190579771996,True,2.339793996620816e-06
RK4,2,0.5,8,26,2,0.14085481645087664,1.4704235196113586,True,1e-06
RK4,2,0.5,8,27,2,0.16316367478762792,0.8332749605178833,True,1e-06
RK4,2,0.5,8,28,2,0.11628280033946724,0.49988532066345215,True,2.1685488822251237e-06
RK4,2,0.5,8,29,2,0.1340779857444657,0.6678289175033569,True,1e-06
RK4,2,0.5,8,30,3,0.15517522304799414,0.8032494187355042,True,1.0251815674748809e-06
RK4,2,0.5,8,31,3,0.1575725609647614,0.6068339943885803,False,1.0058863599914548e-06
RK4,2,0.5,8,32,3,0.12817005694915284,1.5959251523017883,True,1e-06
RK4,2,0.5,8,33,3,0.15233396582287742,0.671458899974823,True,1.1038277689729205e-06
RK4,2,0.5,8,34,3,0.19013210021008264,1.480782836675644,True,1.2764821486052176e-06
RK4,2,0.5,8,35,3,0.15292686574977035,0.6132665872573853,True,2.024340481619809e-06
RK4,2,0.5,8,36,3,0.11131661755105922,0.37936562299728394,True,1e-06
RK4,2,0.5,8,37,3,0.1606714396546521,0.699658989906311,True,1e-06
RK4,2,0.5,8,38,3,0.15356863143955876,0.6289563179016113,True,1.062211266275174e-06
RK4,2,0.5,8,39,3,0.13010306192705917,0.6886078715324402,True,1e-06
RK4,2,0.5,8,40,4,0.151343591058345,1.12151400744915,True,1e-06
RK4,2,0.5,8,41,4,0.1469751459736562,0.5698773860931396,True,1e-06
RK4,2,0.5,8,42,4,0.21691240365265754,1.6614990830421448,True,2.5928913806302533e-06
RK4,2,0.5,8,43,4,0.15128830690247383,0.6984394788742065,True,1e-06
RK4,2,0.5,8,44,4,0.1340797647330804,0.48439764976501465,True,1e-06
RK4,2,0.5,8,45,4,0.15680029822140049,0.7018762230873108,True,1.672302531494149e-06
RK4,2,0.5,8,46,4,0.14863634554386507,0.6018445491790771,True,1e-06
RK4,2,0.5,8,47,4,0.14266792458574665,0.7853973507881165,True,1e-06
RK4,2,0.5,8,48,4,0.12529308256364777,0.7279908061027527,True,1e-06
RK4,2,0.5,8,49,4,0.1456082218016252,0.6074831783771515,True,1e-06
RK4,2,0.5,8,50,5,0.2764476987808443,1.7814923524856567,True,1.8178964562934237e-06
RK4,2,0.5,8,51,5,0.1485253421120853,0.7926174402236938,True,1e-06
RK4,2,0.5,8,52,5,0.13464889561095558,0.6338989734649658,True,1e-06
RK4,2,0.5,8,53,5,0.13239306436334586,1.315609097480774,True,1e-06
RK4,2,0.5,8,54,5,0.11952644267827457,0.41283535957336426,True,1e-06
RK4,2,0.5,8,55,5,0.15779505519254475,0.6755035519599915,True,1e-06
RK4,2,0.5,8,56,5,0.15668253507014163,0.580627977848053,True,1.4590741595977263e-06
RK4,2,0.5,8,57,5,0.1174180150857904,0.44646143913269043,True,1.2469731555051633e-06
RK4,2,0.5,8,58,5,0.1795972614797594,1.189487785100937,True,1e-06
RK4,2,0.5,8,59,5,0.3283414882948963,2.1302772760391235,True,2.5425618519701875e-06
RK4,2,0.5,8,60,6,0.13906657789660667,0.6152668595314026,True,1.7914387306596396e-06
RK4,2,0.5,8,61,6,0.14193877526709262,0.5931981801986694,True,1e-06
RK4,2,0.5,8,62,6,0.276386009424835,1.8910139203071594,True,1e-06
RK4,2,0.5,8,63,6,0.17351950123249962,0.636536180973053,True,1.2142100713690488e-06
RK4,2,0.5,8,64,6,0.15885304074437004,0.6894659996032715,True,1.059778896784065e-06
RK4,2,0.5,8,65,6,0.14881825385646444,1.2244446873664856,True,1.0200925970424066e-06
RK4,2,0.5,8,66,6,0.16017421223327744,0.6206576228141785,True,1e-06
RK4,2,0.5,8,67,6,0.14287444915490727,0.5932753682136536,True,1e-06
RK4,2,0.5,8,68,6,0.12700338909296593,0.5981602072715759,True,1e-06
RK4,2,0.5,8,69,6,0.13933957657668375,0.6016673445701599,True,1e-06
RK4,2,0.5,8,70,7,0.13064966911051673,0.563391923904419,True,1.002172487207418e-06
RK4,2,0.5,8,71,7,0.13348836766260996,0.6642955541610718,True,1.3019912601984357e-06
RK4,2,0.5,8,72,7,0.12573701754761787,0.5097432136535645,True,1e-06
RK4,2,0.5,8,73,7,0.13604351161620284,0.9544224739074707,True,1e-06
RK4,2,0.5,8,74,7,0.12098259980250982,0.5716055035591125,True,1e-06
RK4,2,0.5,8,75,7,0.16430205521466737,0.5486540198326111,False,1e-06
RK4,2,0.5,8,76,7,0.4665734171785159,2.3670474886894226,True,4.664503408117071e-06
RK4,2,0.5,8,77,7,0.14251871601998603,0.6019825339317322,True,1e-06
RK4,2,0.5,8,78,7,0.16407668935948735,0.6803475618362427,True,1e-06
RK4,2,0.5,8,79,7,0.17406257466079886,0.7595052719116211,True,1e-06
RK4,2,0.5,8,80,8,0.15872274122525137,0.6851390600204468,True,1e-06
RK4,2,0.5,8,81,8,0.10485184035130903,0.38617467880249023,True,1e-06
RK4,2,0.5,8,82,8,0.11391864053076488,0.6165684461593628,True,1e-06
RK4,2,0.5,8,83,8,0.18456216047580093,0.8296682834625244,True,1e-06
RK4,2,0.5,8,84,8,0.15111734492170964,0.7465490400791168,True,1.465383478007093e-06
RK4,2,0.5,8,85,8,0.1878546227828733,0.8538458347320557,True,2.273783090272719e-06
RK4,2,0.5,8,86,8,0.12670055471061137,0.48999470472335815,True,1e-06
RK4,2,0.5,8,87,8,0.1676179536195513,0.7361302375793457,True,1e-06
RK4,2,0.5,8,88,8,0.1267188629738009,0.5604040026664734,True,2.2396403043488253e-06
RK4,2,0.5,8,89,8,0.15933906353545638,0.6050634384155273,True,1.223397610678078e-06
RK4,2,0.5,8,90,9,0.10961948023583833,0.439563512802124,True,2.216658055858132e-06
RK4,2,0.5,8,91,9,0.13698916506170608,0.7330378890037537,True,1e-06
RK4,2,0.5,8,92,9,0.19960303260596685,0.7703852653503418,True,2.181670229268033e-06
RK4,2,0.5,8,93,9,0.1209521844064596,0.5000296831130981,True,1e-06
RK4,2,0.5,8,94,9,0.12839232133179887,0.853252649307251,False,1e-06
RK4,2,0.5,8,95,9,0.10318800932671564,0.43386030197143555,True,1e-06
RK4,2,0.5,8,96,9,0.13328363003785768,0.8427971303462982,True,1.009288426726286e-06
RK4,2,0.5,8,97,9,0.14819444226732542,0.7554664611816406,True,1e-06
RK4,2,0.5,8,98,9,0.13588180055213284,0.4935280680656433,True,1e-06
RK4,2,0.5,8,99,9,0.12985326726165172,0.582196444272995,True,1e-06
RK4,3,0.3333333333333333,12,0,0,0.10095718990272248,0.35725200176239014,True,1e-06
RK4,3,0.3333333333333333,12,1,0,0.11159740586796499,0.4211885929107666,True,1e-06
RK4,3,0.3333333333333333,12,2,0,0.08606915803704993,0.39565587043762207,True,1e-06
RK4,3,0.3333333333333333,12,3,0,0.09631208651627547,0.5118850469589233,True,1e-06
RK4,3,0.3333333333333333,12,4,0,0.08215993518415572,0.4237704277038574,True,1e-06
RK4,3,0.3333333333333333,12,5,0,0.10107954634277058,0.5070027709007263,True,1.7500830152219005e-06
RK4,3,0.3333333333333333,12,6,0,0.10734436277100097,0.4290788173675537,True,1e-06
RK4,3,0.3333333333333333,12,7,0,0.10218140758269383,0.41505706310272217,True,1e-06
RK4,3,0.3333333333333333,12,8,0,0.09707051187610347,0.4002736210823059,True,1e-06
RK4,3,0.3333333333333333,12,9,0,0.0983092509374789,0.4261082410812378,True,1e-06
RK4,3,0.3333333333333333,12,10,1,0.09993285122250596,0.5131914019584656,True,1e-06
RK4,3,0.3333333333333333,12,11,1,0.1018051626751671,0.46806102991104126,True,1e-06
RK4,3,0.3333333333333333,12,12,1,0.10539392298934976,0.3497501015663147,True,1e-06
RK4,3,0.3333333333333333,12,13,1,0.09781672039082011,0.42509496212005615,True,1e-06
RK4,3,0.3333333333333333,12,14,1,0.07725014730351833,0.3712769150733948,True,1e-06
RK4,3,0.3333333333333333,12,15,1,0.10577906432912415,0.4781271815299988,True,1.3317213891376878e-06
RK4,3,0.3333333333333333,12,16,1,0.08872552254965017,0.3954835534095764,True,1e-06
RK4,3,0.3333333333333333,12,17,1,0.0841529891968143,0.38420236110687256,True,1e-06
RK4,3,0.3333333333333333,12,18,1,0.08770961448695717,0.5588108897209167,True,1e-06
RK4,3,0.3333333333333333,12,19,1,0.0908085008007645,0.5694816708564758,True,1e-06
RK4,3,0.3333333333333333,12,20,2,0.1617166996277961,1.5638201832771301,True,1.0868335440780543e-06
RK4,3,0.3333333333333333,12,21,2,0.11318911516568235,0.4544070363044739,True,1e-06
RK4,3,0.3333333333333333,12,22,2,0.1036788066238432,0.5291888117790222,True,1e-06
RK4,3,0.3333333333333333,12,23,2,0.09861804685937423,0.48645633459091187,True,1.2352563854491178e-06
RK4,3,0.3333333333333333,12,24,2,0.10638437380106641,0.4241684675216675,True,1e-06
RK4,3,0.3333333333333333,12,25,2,0.09729113963825166,0.37965869903564453,True,2.339793996620816e-06
RK4,3,0.3333333333333333,12,26,2,0.0975980246711889,0.6754232943058014,True,1e-06
RK4,3,0.3333333333333333,12,27,2,0.1097539018284749,0.41334158182144165,True,1e-06
RK4,3,0.3333333333333333,12,28,2,0.08253464138023392,0.4392719864845276,True,2.1685488822251237e-06
RK4,3,0.3333333333333333,12,29,2,0.08955464224138006,0.48370468616485596,True,1e-06
RK4,3,0.3333333333333333,12,30,3,0.10260974794524355,0.5615396797657013,True,1.0251815674748809e-06
RK4,3,0.3333333333333333,12,31,3,0.09924676293390193,0.33037179708480835,False,1.0058863599914548e-06
RK4,3,0.3333333333333333,12,32,3,0.09073103544056205,0.46406257152557373,True,1e-06
RK4,3,0.3333333333333333,12,33,3,0.09902358834625598,0.3884652853012085,True,1.1038277689729205e-06
RK4,3,0.3333333333333333,12,34,3,0.08930779659990218,0.36758923530578613,True,1.2764821486052176e-06
RK4,3,0.3333333333333333,12,35,3,0.10165189741558786,0.35378527641296387,True,2.024340481619809e-06
RK4,3,0.3333333333333333,12,36,3,0.0823289162777814,0.33725476264953613,True,1e-06
RK4,3,0.3333333333333333,12,37,3,0.11019447700636836,0.45435428619384766,True,1e-06
RK4,3,0.3333333333333333,12,38,3,0.10385159846036938,0.4918202757835388,True,1.062211266275174e-06
RK4,3,0.3333333333333333,12,39,3,0.08798356374280471,0.5432572364807129,True,1e-06
RK4,3,0.3333333333333333,12,40,4,0.10685391214262643,0.41406410932540894,True,1e-06
RK4,3,0.3333333333333333,12,41,4,0.10057517132558426,0.43597114086151123,True,1e-06
RK4,3,0.3333333333333333,12,42,4,0.11367662100977809,0.5712144374847412,True,2.5928913806302533e-06
RK4,3,0.3333333333333333,12,43,4,0.10529190798081871,0.4466656446456909,True,1e-06
RK4,3,0.3333333333333333,12,44,4,0.10168740650258652,0.40603041648864746,True,1e-06
RK4,3,0.3333333333333333,12,45,4,0.12182246389457868,0.5789223313331604,True,1.672302531494149e-06
RK4,3,0.3333333333333333,12,46,4,0.10121592607426237,0.5109533667564392,True,1e-06
RK4,3,0.3333333333333333,12,47,4,0.09621056858119119,0.715210497379303,True,1e-06
RK4,3,0.3333333333333333,12,48,4,0.08996485424703687,0.4389604330062866,True,1e-06
RK4,3,0.3333333333333333,12,49,4,0.12137695153645574,1.2446311116218567,True,1e-06
RK4,3,0.3333333333333333,12,50,5,0.103966362349336,0.5139985978603363,True,1.8178964562934237e-06
RK4,3,0.3333333333333333,12,51,5,0.10289295971530756,0.5259482264518738,True,1e-06
RK4,3,0.3333333333333333,12,52,5,0.09206367031035,0.4576123356819153,True,1e-06
RK4,3,0.3333333333333333,12,53,5,0.08991152893512269,0.6037594079971313,True,1e-06
RK4,3,0.3333333333333333,12,54,5,0.08146740233753236,0.34752964973449707,True,1e-06
RK4,3,0.3333333333333333,12,55,5,0.0950060165187823,0.4636803865432739,True,1e-06
RK4,3,0.3333333333333333,12,56,5,0.10787531265683972,0.4305635690689087,True,1.4590741595977263e-06
RK4,3,0.3333333333333333,12,57,5,0.07787660482373147,0.3542805314064026,True,1.2469731555051633e-06
RK4,3,0.3333333333333333,12,58,5,0.11520113323410874,0.5204544067382812,True,1e-06
RK4,3,0.3333333333333333,12,59,5,0.112329749111405,0.6025012731552124,True,2.5425618519701875e-06
RK4,3,0.3333333333333333,12,60,6,0.10183168302483116,0.6122347116470337,True,1.7914387306596396e-06
RK4,3,0.3333333333333333,12,61,6,0.09669684648539967,0.37495601177215576,True,1e-06
RK4,3,0.3333333333333333,12,62,6,0.10204812846030613,0.46304434537887573,True,1e-06
RK4,3,0.3333333333333333,12,63,6,0.11492124564124948,0.4613634943962097,True,1.2142100713690488e-06
RK4,3,0.3333333333333333,12,64,6,0.10860822946302415,0.5419195890426636,True,1.059778896784065e-06
RK4,3,0.3333333333333333,12,65,6,0.0950248841010066,0.9517688751220703,True,1.0200925970424066e-06
RK4,3,0.3333333333333333,12,66,6,0.10176559627108964,0.49220365285873413,True,1e-06
RK4,3,0.3333333333333333,12,67,6,0.09034191012925295,0.45308971405029297,True,1e-06
RK4,3,0.3333333333333333,12,68,6,0.07960201145645177,0.4461122751235962,True,1e-06
RK4,3,0.3333333333333333,12,69,6,0.0947948087934896,0.5256145596504211,True,1e-06
RK4,3,0.3333333333333333,12,70,7,0.08307911999108858,0.3554736375808716,True,1.002172487207418e-06
RK4,3,0.3333333333333333,12,71,7,0.0859852663927136,0.37573009729385376,True,1.3019912601984357e-06
RK4,3,0.3333333333333333,12,72,7,0.07561000694807199,0.27851057052612305,True,1e-06
RK4,3,0.3333333333333333,12,73,7,0.0796628481651049,0.272214412689209,True,1e-06
RK4,3,0.3333333333333333,12,74,7,0.07813484145708312,0.43336063623428345,True,1e-06
RK4,3,0.3333333333333333,12,75,7,0.09245352455328673,0.3599424958229065,False,1e-06
RK4,3,0.3333333333333333,12,76,7,0.15496077477014328,1.8391165733337402,True,4.664503408117071e-06
RK4,3,0.3333333333333333,12,77,7,0.09768408106324897,0.656382828950882,True,1e-06
RK4,3,0.3333333333333333,12,78,7,0.11301067200917912,0.5631474256515503,True,1e-06
RK4,3,0.3333333333333333,12,79,7,0.11524242721293991,0.48389333486557007,True,1e-06
RK4,3,0.3333333333333333,12,80,8,0.10843600684207723,0.42048853635787964,True,1e-06
RK4,3,0.3333333333333333,12,81,8,0.07144341096160867,0.28761768341064453,True,1e-06
RK4,3,0.3333333333333333,12,82,8,0.08084354318565812,0.36584025621414185,True,1e-06
RK4,3,0.3333333333333333,12,83,8,0.10882500011653723,0.4321836829185486,True,1e-06
RK4,3,0.3333333333333333,12,84,8,0.09295353335646082,0.3964577913284302,True,1.465383478007093e-06
RK4,3,0.3333333333333333,12,85,8,0.11548102368113826,0.4317854642868042,True,2.273783090272719e-06
RK4,3,0.3333333333333333,12,86,8,0.08462695782049783,0.5134839713573456,True,1e-06
RK4,3,0.3333333333333333,12,87,8,0.10524616138238321,0.47138512134552,True,1e-06
RK4,3,0.3333333333333333,12,88,8,0.08265371005212606,0.4631121754646301,True,2.2396403043488253e-06
RK4,3,0.3333333333333333,12,89,8,0.1229341197109218,0.6074195504188538,True,1.223397610678078e-06
RK4,3,0.3333333333333333,12,90,9,0.09682851891170702,0.5774545669555664,True,2.216658055858132e-06
RK4,3,0.3333333333333333,12,91,9,0.10023980083892743,0.3533189296722412,True,1e-06
RK4,3,0.3333333333333333,12,92,9,0.15330659002902106,1.2088998705148697,True,2.181670229268033e-06
RK4,3,0.3333333333333333,12,93,9,0.084106005674535,0.3267488479614258,True,1e-06
RK4,3,0.3333333333333333,12,94,9,0.08516295229088001,0.5851883590221405,False,1e-06
RK4,3,0.3333333333333333,12,95,9,0.07161184374337316,0.46331244707107544,True,1e-06
RK4,3,0.3333333333333333,12,96,9,0.0914958546876034,0.5699124336242676,True,1.009288426726286e-06
RK4,3,0.3333333333333333,12,97,9,0.10488751416160198,0.47476422786712646,True,1e-06
RK4,3,0.3333333333333333,12,98,9,0.0925007404251387,0.45374512672424316,True,1e-06
RK4,3,0.3333333333333333,12,99,9,0.09193595749399285,0.40497279167175293,True,1e-06
RK4,5,0.2,20,0,0,0.05990577906301947,0.19888365268707275,True,1e-06
RK4,5,0.2,20,1,0,0.062146649739762916,0.2224940061569214,True,1e-06
RK4,5,0.2,20,2,0,0.049632011156172655,0.20509052276611328,True,1e-06
RK4,5,0.2,20,3,0,0.051472628420713096,0.229496568441391,True,1e-06
RK4,5,0.2,20,4,0,0.0460300444662975,0.2316327691078186,True,1e-06
RK4,5,0.2,20,5,0,0.058541949573382435,0.2388511300086975,True,1.7500830152219005e-06
RK4,5,0.2,20,6,0,0.0627265532968536,0.25039565563201904,True,1e-06
RK4,5,0.2,20,7,0,0.052814645557471826,0.18530488014221191,True,1e-06
RK4,5,0.2,20,8,0,0.05377973158124313,0.1914423704147339,True,1e-06
RK4,5,0.2,20,9,0,0.05221307190801466,0.19056344032287598,True,1e-06
RK4,5,0.2,20,10,1,0.05563046069488385,0.31840813159942627,True,1e-06
RK4,5,0.2,20,11,1,0.05938235301524978,0.26775693893432617,True,1e-06
RK4,5,0.2,20,12,1,0.05629561844791377,0.2337203025817871,True,1e-06
RK4,5,0.2,20,13,1,0.05465236184300359,0.23914122581481934,True,1e-06
RK4,5,0.2,20,14,1,0.05029865348072253,0.21100634336471558,True,1e-06
RK4,5,0.2,20,15,1,0.061291945656896316,0.21433401107788086,True,1.3317213891376878e-06
RK4,5,0.2,20,16,1,0.046143870998290114,0.234350323677063,True,1e-06
RK4,5,0.2,20,17,1,0.04660158347945672,0.23243224620819092,True,1e-06
RK4,5,0.2,20,18,1,0.04752143970090829,0.322113037109375,True,1e-06
RK4,5,0.2,20,19,1,0.05630442726105249,0.21223080158233643,True,1e-06
RK4,5,0.2,20,20,2,0.05891122619314802,0.2235344648361206,True,1.0868335440780543e-06
RK4,5,0.2,20,21,2,0.06240490976478992,0.21005260944366455,True,1e-06
RK4,5,0.2,20,22,2,0.05534090175505162,0.23502862453460693,True,1e-06
RK4,5,0.2,20,23,2,0.05043815279446949,0.2882102131843567,True,1.2352563854491178e-06
RK4,5,0.2,20,24,2,0.06099283310209987,0.25081074237823486,True,1e-06
RK4,5,0.2,20,25,2,0.06713327167331024,0.48790382593870163,True,2.339793996620816e-06
RK4,5,0.2,20,26,2,0.05248063846012336,0.21985262632369995,True,1e-06
RK4,5,0.2,20,27,2,0.05790039054580498,0.1879754662513733,True,1e-06
RK4,5,0.2,20,28,2,0.04471082420154409,0.19317948818206787,True,2.1685488822251237e-06
RK4,5,0.2,20,29,2,0.03806580241146182,0.1582401990890503,True,1e-06
RK4,5,0.2,20,30,3,0.05703252146399748,0.2636585235595703,True,1.0251815674748809e-06
RK4,5,0.2,20,31,3,0.04433535529480121,0.19266808032989502,False,1.0058863599914548e-06
RK4,5,0.2,20,32,3,0.04870909993524391,0.21548986434936523,True,1e-06
RK4,5,0.2,20,33,3,0.051360847177563264,0.2527909278869629,True,1.1038277689729205e-06
RK4,5,0.2,20,34,3,0.04830524068933873,0.23200726509094238,True,1.2764821486052176e-06
RK4,5,0.2,20,35,3,0.05821960160748518,0.2952272295951843,True,2.024340481619809e-06
RK4,5,0.2,20,36,3,0.05366914959865944,0.21417713165283203,True,1e-06
RK4,5,0.2,20,37,3,0.06285611966586914,0.20757877826690674,True,1e-06
RK4,5,0.2,20,38,3,0.0610246558254138,0.27547454833984375,True,1.062211266275174e-06
RK4,5,0.2,20,39,3,0.04650712290736242,0.2122514843940735,True,1e-06
RK4,5,0.2,20,40,4,0.06078888342507417,0.3700239658355713,True,1e-06
RK4,5,0.2,20,41,4,0.05355864315429719,0.2090761661529541,True,1e-06
RK4,5,0.2,20,42,4,0.06426273684060811,0.30634671449661255,True,2.5928913806302533e-06
RK4,5,0.2,20,43,4,0.05931216257738923,0.20252680778503418,True,1e-06
RK4,5,0.2,20,44,4,0.05728221209458632,0.25463414192199707,True,1e-06
RK4,5,0.2,20,45,4,0.06441055042843652,0.23980093002319336,True,1.672302531494149e-06
RK4,5,0.2,20,46,4,0.05309582131550096,0.2093205451965332,True,1e-06
RK4,5,0.2,20,47,4,0.05858621338669495,0.33125102519989014,True,1e-06
RK4,5,0.2,20,48,4,0.04854149577249658,0.23715472221374512,True,1e-06
RK4,5,0.2,20,49,4,0.05450597123154938,0.24560844898223877,True,1e-06
RK4,5,0.2,20,50,5,0.05780804913487223,0.2408982515335083,True,1.8178964562934237e-06
RK4,5,0.2,20,51,5,0.05847334383320691,0.21020841598510742,True,1e-06
RK4,5,0.2,20,52,5,0.04858546036435543,0.1646937131881714,True,1e-06
RK4,5,0.2,20,53,5,0.04776276196368119,0.27788978815078735,True,1e-06
RK4,5,0.2,20,54,5,0.04664278451080759,0.19388890266418457,True,1e-06
RK4,5,0.2,20,55,5,0.04844796073785385,0.2089385986328125,True,1e-06
RK4,5,0.2,20,56,5,0.05653567394630432,0.22749388217926025,True,1.4590741595977263e-06
RK4,5,0.2,20,57,5,0.03616750386620062,0.15091514587402344,True,1.2469731555051633e-06
RK4,5,0.2,20,58,5,0.06924382330755127,0.2607156038284302,True,1e-06
RK4,5,0.2,20,59,5,0.26345978359241107,1.9233140349388123,True,2.5425618519701875e-06
RK4,5,0.2,20,60,6,0.04182808201723745,0.1654871106147766,True,1.7914387306596396e-06
RK4,5,0.2,20,61,6,0.05227994385860723,0.16620135307312012,True,1e-06
RK4,5,0.2,20,62,6,0.046799149436423895,0.1709613800048828,True,1e-06
RK4,5,0.2,20,63,6,0.05939818082204528,0.2447386384010315,True,1.2142100713690488e-06
RK4,5,0.2,20,64,6,0.06078939389318169,0.23409795761108398,True,1.059778896784065e-06
RK4,5,0.2,20,65,6,0.060856835034901566,0.4111940860748291,True,1.0200925970424066e-06
RK4,5,0.2,20,66,6,0.05249724008071319,0.2405405044555664,True,1e-06
RK4,5,0.2,20,67,6,0.050003784543338196,0.23084867000579834,True,1e-06
RK4,5,0.2,20,68,6,0.04122290357726252,0.1805540919303894,True,1e-06
RK4,5,0.2,20,69,6,0.053269257338127846,0.2330859899520874,True,1e-06
RK4,5,0.2,20,70,7,0.04514472528645669,0.18490302562713623,True,1.002172487207418e-06
RK4,5,0.2,20,71,7,0.036811053666518705,0.19902634620666504,True,1.3019912601984357e-06
RK4,5,0.2,20,72,7,0.040340890600675076,0.16762149333953857,True,1e-06
RK4,5,0.2,20,73,7,0.03871067815957502,0.1428966522216797,True,1e-06
RK4,5,0.2,20,74,7,0.04609951257955049,0.23014283180236816,True,1e-06
RK4,5,0.2,20,75,7,0.043025805185223795,0.17791420221328735,False,1e-06
RK4,5,0.2,20,76,7,0.1990381095528605,1.9494143724441528,True,4.664503408117071e-06
RK4,5,0.2,20,77,7,0.05174909315329957,0.22959351539611816,True,1e-06
RK4,5,0.2,20,78,7,0.06548831274377029,0.27913719415664673,True,1e-06
RK4,5,0.2,20,79,7,0.0643667405386607,0.3204551339149475,True,1e-06
RK4,5,0.2,20,80,8,0.06065290783877538,0.23220473527908325,True,1e-06
RK4,5,0.2,20,81,8,0.03972234567034153,0.17994904518127441,True,1e-06
RK4,5,0.2,20,82,8,0.04867359399450635,0.17834091186523438,True,1e-06
RK4,5,0.2,20,83,8,0.06043827435420043,0.21118491888046265,True,1e-06
RK4,5,0.2,20,84,8,0.05501744558143851,0.20641636848449707,True,1.465383478007093e-06
RK4,5,0.2,20,85,8,0.058956750635261505,0.20759499073028564,True,2.273783090272719e-06
RK4,5,0.2,20,86,8,0.053641391913039536,0.22066903114318848,True,1e-06
RK4,5,0.2,20,87,8,0.060845299475935005,0.21008074283599854,True,1e-06
RK4,5,0.2,20,88,8,0.04563681454622114,0.18172228336334229,True,2.2396403043488253e-06
RK4,5,0.2,20,89,8,0.059082937862620706,0.21946048736572266,True,1.223397610678078e-06
RK4,5,0.2,20,90,9,0.040934199004537146,0.18635058403015137,True,2.216658055858132e-06
RK4,5,0.2,20,91,9,0.0578807631560374,0.23058944940567017,True,1e-06
RK4,5,0.2,20,92,9,0.06102811715632882,0.22367799282073975,True,2.181670229268033e-06
RK4,5,0.2,20,93,9,0.051101927368379145,0.1816387176513672,True,1e-06
RK4,5,0.2,20,94,9,0.047244783719705814,0.2580604553222656,False,1e-06
RK4,5,0.2,20,95,9,0.037710856386396985,0.3462798595428467,True,1e-06
RK4,5,0.2,20,96,9,0.05413516039019655,0.19923913478851318,True,1.009288426726286e-06
RK4,5,0.2,20,97,9,0.06213661972508939,0.26352453231811523,True,1e-06
RK4,5,0.2,20,98,9,0.0563363184795469,0.2350444793701172,True,1e-06
RK4,5,0.2,20,99,9,0.048275941619409915,0.17135822772979736,True,1e-06
RK4,10,0.1,40,0,0,0.027451756145963332,0.09585797786712646,True,1e-06
RK4,10,0.1,40,1,0,0.025752602505340155,0.09081017971038818,True,1e-06
RK4,10,0.1,40,2,0,0.022705473525353823,0.07966482639312744,True,1e-06
RK4,10,0.1,40,3,0,0.016701740113226247,0.07201594114303589,True,1e-06
RK4,10,0.1,40,4,0,0.019338681985043217,0.10561852157115936,True,1e-06
RK4,10,0.1,40,5,0,0.02723803912938043,0.08617234230041504,True,1.7500830152219005e-06
RK4,10,0.1,40,6,0,0.028708832513826353,0.09440004825592041,True,1e-06
RK4,10,0.1,40,7,0,0.023179167039570427,0.09585773944854736,True,1e-06
RK4,10,0.1,40,8,0,0.02481860009230723,0.08671283721923828,True,1e-06
RK4,10,0.1,40,9,0,0.02288245571439754,0.10640507936477661,True,1e-06
RK4,10,0.1,40,10,1,0.023348365612876516,0.09336251020431519,True,1e-06
RK4,10,0.1,40,11,1,0.027139502303499558,0.08992725610733032,True,1e-06
RK4,10,0.1,40,12,1,0.024584552611966445,0.09454524517059326,True,1e-06
RK4,10,0.1,40,13,1,0.023440825732789897,0.09569817781448364,True,1e-06
RK4,10,0.1,40,14,1,0.02431841324091307,0.09226208925247192,True,1e-06
RK4,10,0.1,40,15,1,0.027694032296969234,0.0946795642375946,True,1.3317213891376878e-06
RK4,10,0.1,40,16,1,0.019945696472222555,0.08055084943771362,True,1e-06
RK4,10,0.1,40,17,1,0.021407716131145033,0.09722083806991577,True,1e-06
RK4,10,0.1,40,18,1,0.019388544671672323,0.10655999183654785,True,1e-06
RK4,10,0.1,40,19,1,0.02600552692794425,0.09865611791610718,True,1e-06
RK4,10,0.1,40,20,2,0.025427047530440935,0.09637302160263062,True,1.0868335440780543e-06
RK4,10,0.1,40,21,2,0.02605447590119885,0.10254055261611938,True,1e-06
RK4,10,0.1,40,22,2,0.024640139356087304,0.11165094375610352,True,1e-06
RK4,10,0.1,40,23,2,0.021043155902378263,0.08917415142059326,True,1.2352563854491178e-06
RK4,10,0.1,40,24,2,0.029340944502453226,0.09151947498321533,True,1e-06
RK4,10,0.1,40,25,2,0.0348578031759562,0.32684069126844406,True,2.339793996620816e-06
RK4,10,0.1,40,26,2,0.02345076091748241,0.14504706859588623,True,1e-06
RK4,10,0.1,40,27,2,0.025451977846847343,0.08113473653793335,True,1e-06
RK4,10,0.1,40,28,2,0.020630616627946543,0.0895235538482666,True,2.1685488822251237e-06
RK4,10,0.1,40,29,2,0.013683658053655318,0.05702221393585205,True,1e-06
RK4,10,0.1,40,30,3,0.024451169144514163,0.09388428926467896,True,1.0251815674748809e-06
RK4,10,0.1,40,31,3,0.01736831041346463,0.062359392642974854,False,1.0058863599914548e-06
RK4,10,0.1,40,32,3,0.022885998216372497,0.09476709365844727,True,1e-06
RK4,10,0.1,40,33,3,0.01960849326584786,0.08595788478851318,True,1.1038277689729205e-06
RK4,10,0.1,40,34,3,0.020213642002938115,0.09514433145523071,True,1.2764821486052176e-06
RK4,10,0.1,40,35,3,0.026590078436100263,0.10696607828140259,True,2.024340481619809e-06
RK4,10,0.1,40,36,3,0.02528344504068305,0.08283984661102295,True,1e-06
RK4,10,0.1,40,37,3,0.02400344793448867,0.09997683763504028,True,1e-06
RK4,10,0.1,40,38,3,0.028627934058301982,0.08790230751037598,True,1.062211266275174e-06
RK4,10,0.1,40,39,3,0.01905453709175122,0.08329236507415771,True,1e-06
RK4,10,0.1,40,40,4,0.026431544336560534,0.17559528350830078,True,1e-06
RK4,10,0.1,40,41,4,0.021945358529373796,0.07524240016937256,True,1e-06
RK4,10,0.1,40,42,4,0.024603261194316363,0.09234541654586792,True,2.5928913806302533e-06
RK4,10,0.1,40,43,4,0.023913631715530674,0.09950625896453857,True,1e-06
RK4,10,0.1,40,44,4,0.022751788945622187,0.11979228258132935,True,1e-06
RK4,10,0.1,40,45,4,0.028579529846340313,0.09377926588058472,True,1.672302531494149e-06
RK4,10,0.1,40,46,4,0.019239415808038157,0.07393795251846313,True,1e-06
RK4,10,0.1,40,47,4,0.02695185075648443,0.09427595138549805,True,1e-06
RK4,10,0.1,40,48,4,0.01727035181001336,0.07396113872528076,True,1e-06
RK4,10,0.1,40,49,4,0.027105353407892753,0.08744007349014282,True,1e-06
RK4,10,0.1,40,50,5,0.029349457990992433,0.1719563603401184,True,1.8178964562934237e-06
RK4,10,0.1,40,51,5,0.02706760810028839,0.09405314922332764,True,1e-06
RK4,10,0.1,40,52,5,0.02231513301860847,0.08269476890563965,True,1e-06
RK4,10,0.1,40,53,5,0.020998432339091502,0.10117286443710327,True,1e-06
RK4,10,0.1,40,54,5,0.022872487749015305,0.06671464443206787,True,1e-06
RK4,10,0.1,40,55,5,0.018680916786887672,0.08414900302886963,True,1e-06
RK4,10,0.1,40,56,5,0.0191442985686185,0.06958115100860596,True,1.4590741595977263e-06
RK4,10,0.1,40,57,5,0.012887762471439964,0.07358795404434204,True,1.2469731555051633e-06
RK4,10,0.1,40,58,5,0.03223162923342642,0.09294790029525757,True,1e-06
RK4,10,0.1,40,59,5,0.022702132222470722,0.10818499326705933,True,2.5425618519701875e-06
RK4,10,0.1,40,60,6,0.015911954016813102,0.06448996067047119,True,1.7914387306596396e-06
RK4,10,0.1,40,61,6,0.018086398792554463,0.07548165321350098,True,1e-06
RK4,10,0.1,40,62,6,0.020362114630292825,0.0851449966430664,True,1e-06
RK4,10,0.1,40,63,6,0.023765671342452128,0.10273325443267822,True,1.2142100713690488e-06
RK4,10,0.1,40,64,6,0.026087433566420164,0.09613370895385742,True,1.059778896784065e-06
RK4,10,0.1,40,65,6,0.0300534517758354,0.10977745056152344,True,1.0200925970424066e-06
RK4,10,0.1,40,66,6,0.022379924333675458,0.07802540063858032,True,1e-06
RK4,10,0.1,40,67,6,0.021826046037787327,0.09684115648269653,True,1e-06
RK4,10,0.1,40,68,6,0.016223861897570902,0.07995086908340454,True,1e-06
RK4,10,0.1,40,69,6,0.02422912411855866,0.09602713584899902,True,1e-06
RK4,10,0.1,40,70,7,0.017981073492488817,0.06540876626968384,True,1.002172487207418e-06
RK4,10,0.1,40,71,7,0.01447948576889817,0.07548198848962784,True,1.3019912601984357e-06
RK4,10,0.1,40,72,7,0.01598172511138355,0.07807564735412598,True,1e-06
RK4,10,0.1,40,73,7,0.014033454700674394,0.06450068950653076,True,1e-06
RK4,10,0.1,40,74,7,0.02412123944017722,0.0900731086730957,True,1e-06
RK4,10,0.1,40,75,7,0.014071699360176078,0.0614657998085022,False,1e-06
RK4,10,0.1,40,76,7,0.02191006982740442,0.1155606210231781,True,4.664503408117071e-06
RK4,10,0.1,40,77,7,0.022472496185804,0.09416460990905762,True,1e-06
RK4,10,0.1,40,78,7,0.031190687933925137,0.09489262104034424,True,1e-06
RK4,10,0.1,40,79,7,0.028991433906822184,0.14658737182617188,True,1e-06
RK4,10,0.1,40,80,8,0.02587568089480549,0.09955859184265137,True,1e-06
RK4,10,0.1,40,81,8,0.017065632110318443,0.07090330123901367,True,1e-06
RK4,10,0.1,40,82,8,0.022807786083239447,0.08336353302001953,True,1e-06
RK4,10,0.1,40,83,8,0.026936159796306737,0.08838331699371338,True,1e-06
RK4,10,0.1,40,84,8,0.023219584371358046,0.08008924126625061,True,1.465383478007093e-06
RK4,10,0.1,40,85,8,0.020223613162232847,0.09317857027053833,True,2.273783090272719e-06
RK4,10,0.1,40,86,8,0.025668110375440003,0.0818856954574585,True,1e-06
RK4,10,0.1,40,87,8,0.026919429882558712,0.08569902181625366,True,1e-06
RK4,10,0.1,40,88,8,0.02076915736305091,0.21493449807167053,True,2.2396403043488253e-06
RK4,10,0.1,40,89,8,0.024625133390919502,0.15332123637199402,True,1.223397610678078e-06
RK4,10,0.1,40,90,9,0.017449048581758393,0.14214134216308594,True,2.216658055858132e-06
RK4,10,0.1,40,91,9,0.02327531862357784,0.08821260929107666,True,1e-06
RK4,10,0.1,40,92,9,0.023288626757474423,0.12940877676010132,True,2.181670229268033e-06
RK4,10,0.1,40,93,9,0.02483103259653306,0.08046627044677734,True,1e-06
RK4,10,0.1,40,94,9,0.01992237745423521,0.08411115407943726,False,1e-06
RK4,10,0.1,40,95,9,0.014853895524815764,0.07927119731903076,True,1e-06
RK4,10,0.1,40,96,9,0.022779869295381523,0.07976460456848145,True,1.009288426726286e-06
RK4,10,0.1,40,97,9,0.027839327124181808,0.10495924949645996,True,1e-06
RK4,10,0.1,40,98,9,0.025484269219090687,0.09257900714874268,True,1e-06
RK4,10,0.1,40,99,9,0.019193269562694397,0.07322734594345093,True,1e-06
RK4,20,0.05,80,0,0,0.011691597696068654,0.0376286506652832,True,1e-06
RK4,20,0.05,80,1,0,0.010235251520309782,0.03918248414993286,True,1e-06
RK4,20,0.05,80,2,0,0.010181919710849282,0.037465810775756836,True,1e-06
RK4,20,0.05,80,3,0,0.006640606766268769,0.052359938621520996,True,1e-06
RK4,20,0.05,80,4,0,0.007353454667378568,0.0735350102186203,True,1e-06
RK4,20,0.05,80,5,0,0.012377736682138457,0.04466283321380615,True,1.7500830152219005e-06
RK4,20,0.05,80,6,0,0.012102329777565698,0.03774106502532959,True,1e-06
RK4,20,0.05,80,7,0,0.011087085967601999,0.042181313037872314,True,1e-06
RK4,20,0.05,80,8,0,0.010915023010598587,0.03755462169647217,True,1e-06
RK4,20,0.05,80,9,0,0.009817135814592964,0.04182082414627075,True,1e-06
RK4,20,0.05,80,10,1,0.0092653013005641,0.03760010004043579,True,1e-06
RK4,20,0.05,80,11,1,0.012238486704896672,0.04277992248535156,True,1e-06
RK4,20,0.05,80,12,1,0.00952684141946768,0.03300821781158447,True,1e-06
RK4,20,0.05,80,13,1,0.0088371265507101,0.03362536430358887,True,1e-06
RK4,20,0.05,80,14,1,0.011502522615575734,0.03865319490432739,True,1e-06
RK4,20,0.05,80,15,1,0.013464357210153752,0.06359425187110901,True,1.3317213891376878e-06
RK4,20,0.05,80,16,1,0.008205930969699909,0.03987938165664673,True,1e-06
RK4,20,0.05,80,17,1,0.009670843257438968,0.035012125968933105,True,1e-06
RK4,20,0.05,80,18,1,0.007864497304822644,0.03457653522491455,True,1e-06
RK4,20,0.05,80,19,1,0.011376759865981528,0.05157625675201416,True,1e-06
RK4,20,0.05,80,20,2,0.010980131047054264,0.044051527976989746,True,1.0868335440780543e-06
RK4,20,0.05,80,21,2,0.011201006664378753,0.04141271114349365,True,1e-06
RK4,20,0.05,80,22,2,0.010707927441592815,0.0571826696395874,True,1e-06
RK4,20,0.05,80,23,2,0.009145229169426254,0.0345914363861084,True,1.2352563854491178e-06
RK4,20,0.05,80,24,2,0.013558217013883317,0.042801856994628906,True,1e-06
RK4,20,0.05,80,25,2,0.010905032103840393,0.03860604763031006,True,2.339793996620816e-06
RK4,20,0.05,80,26,2,0.009854657800438175,0.07457727193832397,True,1e-06
RK4,20,0.05,80,27,2,0.010679476107857971,0.037303626537323,True,1e-06
RK4,20,0.05,80,28,2,0.009618304404265489,0.03728151321411133,True,2.1685488822251237e-06
RK4,20,0.05,80,29,2,0.005508092771314543,0.023378849029541016,True,1e-06
RK4,20,0.05,80,30,3,0.010216954985831066,0.04050701856613159,True,1.0251815674748809e-06
RK4,20,0.05,80,31,3,0.007505681431420491,0.04380032420158386,False,1.0058863599914548e-06
RK4,20,0.05,80,32,3,0.011099887461979605,0.03785473108291626,True,1e-06
RK4,20,0.05,80,33,3,0.008088099366070398,0.03251606225967407,True,1.1038277689729205e-06
RK4,20,0.05,80,34,3,0.008558330209854834,0.03940314054489136,True,1.2764821486052176e-06
RK4,20,0.05,80,35,3,0.010924624483307662,0.04452723264694214,True,2.024340481619809e-06
RK4,20,0.05,80,36,3,0.010660340091659243,0.038477420806884766,True,1e-06
RK4,20,0.05,80,37,3,0.009843876765822195,0.04440116882324219,True,1e-06
RK4,20,0.05,80,38,3,0.013499332998277706,0.04092073440551758,True,1.062211266275174e-06
RK4,20,0.05,80,39,3,0.008048578724233953,0.034564971923828125,True,1e-06
RK4,20,0.05,80,40,4,0.010760094500524587,0.04495418071746826,True,1e-06
RK4,20,0.05,80,41,4,0.009731730665986168,0.03581422567367554,True,1e-06
RK4,20,0.05,80,42,4,0.010153892558889132,0.04042774438858032,True,2.5928913806302533e-06
RK4,20,0.05,80,43,4,0.010245193462391756,0.039981961250305176,True,1e-06
RK4,20,0.05,80,44,4,0.010225034734908134,0.04247260093688965,True,1e-06
RK4,20,0.05,80,45,4,0.011932437727544164,0.03964388370513916,True,1.672302531494149e-06
RK4,20,0.05,80,46,4,0.007705606400537738,0.030705749988555908,True,1e-06
RK4,20,0.05,80,47,4,0.011487819866598956,0.03782987594604492,True,1e-06
RK4,20,0.05,80,48,4,0.006662446686009769,0.026807188987731934,True,1e-06
RK4,20,0.05,80,49,4,0.012411371862897706,0.04218870401382446,True,1e-06
RK4,20,0.05,80,50,5,0.017352521391933128,0.18608099222183228,True,1.8178964562934237e-06
RK4,20,0.05,80,51,5,0.012052111018077422,0.0374680757522583,True,1e-06
RK4,20,0.05,80,52,5,0.009975688336315926,0.036732256412506104,True,1e-06
RK4,20,0.05,80,53,5,0.008433867236847584,0.03794807195663452,True,1e-06
RK4,20,0.05,80,54,5,0.010937148325749733,0.038729190826416016,True,1e-06
RK4,20,0.05,80,55,5,0.00900566709297547,0.056230008602142334,True,1e-06
RK4,20,0.05,80,56,5,0.0073680325372284675,0.029124081134796143,True,1.4590741595977263e-06
RK4,20,0.05,80,57,5,0.005177570226043353,0.02898631989955902,True,1.2469731555051633e-06
RK4,20,0.05,80,58,5,0.013912579149821013,0.04483187198638916,True,1e-06
RK4,20,0.05,80,59,5,0.009648524700192654,0.04448133707046509,True,2.5425618519701875e-06
RK4,20,0.05,80,60,6,0.008926411392480705,0.08486451208591461,True,1.7914387306596396e-06
RK4,20,0.05,80,61,6,0.006455810975709884,0.02511674165725708,True,1e-06
RK4,20,0.05,80,62,6,0.012012848570709134,0.10161930322647095,True,1e-06
RK4,20,0.05,80,63,6,0.011300634382752694,0.07829684019088745,True,1.2142100713690488e-06
RK4,20,0.05,80,64,6,0.012005523449204601,0.04015171527862549,True,1.059778896784065e-06
RK4,20,0.05,80,65,6,0.013325146641418303,0.05223417282104492,True,1.0200925970424066e-06
RK4,20,0.05,80,66,6,0.01011800053258553,0.03660690784454346,True,1e-06
RK4,20,0.05,80,67,6,0.009422465049568283,0.040499985218048096,True,1e-06
RK4,20,0.05,80,68,6,0.006113177404546771,0.026155948638916016,True,1e-06
RK4,20,0.05,80,69,6,0.009700367867108201,0.03348565101623535,True,1e-06
RK4,20,0.05,80,70,7,0.0072475407324779405,0.03268146514892578,True,1.002172487207418e-06
RK4,20,0.05,80,71,7,0.005144073475334664,0.021269023418426514,True,1.3019912601984357e-06
RK4,20,0.05,80,72,7,0.006335263642828635,0.025167644023895264,True,1e-06
RK4,20,0.05,80,73,7,0.005510396335369112,0.028090596199035645,True,1e-06
RK4,20,0.05,80,74,7,0.011262463012745262,0.03815758228302002,True,1e-06
RK4,20,0.05,80,75,7,0.004551271995861231,0.016285419464111328,False,1e-06
RK4,20,0.05,80,76,7,0.010837763530751247,0.07921525835990906,True,4.664503408117071e-06
RK4,20,0.05,80,77,7,0.009048228292117868,0.0326693058013916,True,1e-06
RK4,20,0.05,80,78,7,0.014312436183277167,0.04359877109527588,True,1e-06
RK4,20,0.05,80,79,7,0.012602490790119587,0.04668539762496948,True,1e-06
RK4,20,0.05,80,80,8,0.010699118825256149,0.04200422763824463,True,1e-06
RK4,20,0.05,80,81,8,0.00761173088367216,0.03311610221862793,True,1e-06
RK4,20,0.05,80,82,8,0.009946768437272048,0.04071909189224243,True,1e-06
RK4,20,0.05,80,83,8,0.012479407088885036,0.042794108390808105,True,1e-06
RK4,20,0.05,80,84,8,0.009389151899665151,0.0384218692779541,True,1.465383478007093e-06
RK4,20,0.05,80,85,8,0.008852829376465065,0.0693197250366211,True,2.273783090272719e-06
RK4,20,0.05,80,86,8,0.011235519666731026,0.040996432304382324,True,1e-06
RK4,20,0.05,80,87,8,0.012960567344193711,0.08896856009960175,True,1e-06
RK4,20,0.05,80,88,8,0.01587533741116287,0.284243106842041,True,2.2396403043488253e-06
RK4,20,0.05,80,89,8,0.011336819364306696,0.1002645492553711,True,1.223397610678078e-06
RK4,20,0.05,80,90,9,0.00565519179189734,0.04609692096710205,True,2.216658055858132e-06
RK4,20,0.05,80,91,9,0.009619198245829122,0.03849351406097412,True,1e-06
RK4,20,0.05,80,92,9,0.010822384790493864,0.08781620860099792,True,2.181670229268033e-06
RK4,20,0.05,80,93,9,0.011838774761045312,0.037118375301361084,True,1e-06
RK4,20,0.05,80,94,9,0.00864400196696896,0.033749520778656006,False,1e-06
RK4,20,0.05,80,95,9,0.005722596041269647,0.031930625438690186,True,1e-06
RK4,20,0.05,80,96,9,0.009673614906014247,0.03448367118835449,True,1.009288426726286e-06
RK4,20,0.05,80,97,9,0.012937595700659154,0.0400051474571228,True,1e-06
RK4,20,0.05,80,98,9,0.011565100795399096,0.040785133838653564,True,1e-06
RK4,20,0.05,80,99,9,0.008638808537070894,0.03212463855743408,True,1e-06
RK4,40,0.025,160,0,0,0.004437657670257834,0.016768455505371094,True,1e-06
RK4,40,0.025,160,1,0,0.003965851121337766,0.0157620906829834,True,1e-06
RK4,40,0.025,160,2,0,0.004089338650951796,0.015430808067321777,True,1e-06
RK4,40,0.025,160,3,0,0.003819521554763349,0.0337488055229187,True,1e-06
RK4,40,0.025,160,4,0,0.0035876107542891,0.039761677384376526,True,1e-06
RK4,40,0.025,160,5,0,0.004796523307924458,0.0236130952835083,True,1.7500830152219005e-06
RK4,40,0.025,160,6,0,0.004625057260003905,0.018622279167175293,True,1e-06
RK4,40,0.025,160,7,0,0.004782930290404648,0.03134959936141968,True,1e-06
RK4,40,0.025,160,8,0,0.004430664406952021,0.018584132194519043,True,1e-06
RK4,40,0.025,160,9,0,0.004241819161016665,0.02069777250289917,True,1e-06
RK4,40,0.025,160,10,1,0.0035193330640602024,0.015873372554779053,True,1e-06
RK4,40,0.025,160,11,1,0.005138394694601426,0.01691126823425293,True,1e-06
RK4,40,0.025,160,12,1,0.0030688365807611446,0.014219105243682861,True,1e-06
RK4,40,0.025,160,13,1,0.0027147601096914223,0.015288472175598145,True,1e-06
RK4,40,0.025,160,14,1,0.004935111271313145,0.017069339752197266,True,1e-06
RK4,40,0.025,160,15,1,0.005609508566251159,0.022076547145843506,True,1.3317213891376878e-06
RK4,40,0.025,160,16,1,0.0025217836339744173,0.011992037296295166,True,1e-06
RK4,40,0.025,160,17,1,0.0036759971769718307,0.01368868350982666,True,1e-06
RK4,40,0.025,160,18,1,0.002720879799350507,0.017953991889953613,True,1e-06
RK4,40,0.025,160,19,1,0.004451312198711157,0.019858241081237793,True,1e-06
RK4,40,0.025,160,20,2,0.004484639820096158,0.01880180835723877,True,1.0868335440780543e-06
RK4,40,0.025,160,21,2,0.004704248802205536,0.016814589500427246,True,1e-06
RK4,40,0.025,160,22,2,0.0041451494294004205,0.02986687421798706,True,1e-06
RK4,40,0.025,160,23,2,0.004130852894482743,0.03775149583816528,True,1.2352563854491178e-06
RK4,40,0.025,160,24,2,0.005611389320734854,0.023923277854919434,True,1e-06
RK4,40,0.025,160,25,2,0.014729790493623853,0.2066885530948639,True,2.339793996620816e-06
RK4,40,0.025,160,26,2,0.0036604689347954724,0.027003705501556396,True,1e-06
RK4,40,0.025,160,27,2,0.004117447374739744,0.018724441528320312,True,1e-06
RK4,40,0.025,160,28,2,0.004085034602555995,0.014115691184997559,True,2.1685488822251237e-06
RK4,40,0.025,160,29,2,0.0029454531999856255,0.01704654097557068,True,1e-06
RK4,40,0.025,160,30,3,0.004022313693288126,0.016742348670959473,True,1.0251815674748809e-06
RK4,40,0.025,160,31,3,0.0036666051451961982,0.033328235149383545,False,1.0058863599914548e-06
RK4,40,0.025,160,32,3,0.004833758995327448,0.016993463039398193,True,1e-06
RK4,40,0.025,160,33,3,0.003169262892080796,0.012049198150634766,True,1.1038277689729205e-06
RK4,40,0.025,160,34,3,0.0036277112626636925,0.01652035117149353,True,1.2764821486052176e-06
RK4,40,0.025,160,35,3,0.004166467531505794,0.017920732498168945,True,2.024340481619809e-06
RK4,40,0.025,160,36,3,0.004109385064349399,0.01638662815093994,True,1e-06
RK4,40,0.025,160,37,3,0.007243433173698209,0.07166633009910583,True,1e-06
RK4,40,0.025,160,38,3,0.0058756589373281445,0.02017831802368164,True,1.062211266275174e-06
RK4,40,0.025,160,39,3,0.00385764045837066,0.019594743847846985,True,1e-06
RK4,40,0.025,160,40,4,0.0041719762508864704,0.021883785724639893,True,1e-06
RK4,40,0.025,160,41,4,0.00393747053233756,0.01547396183013916,True,1e-06
RK4,40,0.025,160,42,4,0.007343746060613695,0.07209083437919617,True,2.5928913806302533e-06
RK4,40,0.025,160,43,4,0.00417717565001373,0.015894412994384766,True,1e-06
RK4,40,0.025,160,44,4,0.004156506765788813,0.015166163444519043,True,1e-06
RK4,40,0.025,160,45,4,0.00454629973692142,0.018746018409729004,True,1.672302531494149e-06
RK4,40,0.025,160,46,4,0.00310163524077003,0.016701698303222656,True,1e-06
RK4,40,0.025,160,47,4,0.004515826899567599,0.02638685703277588,True,1e-06
RK4,40,0.025,160,48,4,0.0027435531982457177,0.019832372665405273,True,1e-06
RK4,40,0.025,160,49,4,0.004963172072974933,0.020657658576965332,True,1e-06
RK4,40,0.025,160,50,5,0.006651788168196678,0.055192798376083374,True,1.8178964562934237e-06
RK4,40,0.025,160,51,5,0.004989430233130333,0.01868748664855957,True,1e-06
RK4,40,0.025,160,52,5,0.004143333998762753,0.01757502555847168,True,1e-06
RK4,40,0.025,160,53,5,0.0031042194972533527,0.01580333709716797,True,1e-06
RK4,40,0.025,160,54,5,0.005153909994745038,0.02680957317352295,True,1e-06
RK4,40,0.025,160,55,5,0.004451330900509638,0.035996466875076294,True,1e-06
RK4,40,0.025,160,56,5,0.003129833046535526,0.013304337859153748,True,1.4590741595977263e-06
RK4,40,0.025,160,57,5,0.0027601128372776135,0.023661553859710693,True,1.2469731555051633e-06
RK4,40,0.025,160,58,5,0.006089231198938036,0.03773707151412964,True,1e-06
RK4,40,0.025,160,59,5,0.008767960205701524,0.07556849718093872,True,2.5425618519701875e-06
RK4,40,0.025,160,60,6,0.0036364276546478344,0.0356067419052124,True,1.7914387306596396e-06
RK4,40,0.025,160,61,6,0.0034422966749671725,0.024269819259643555,True,1e-06
RK4,40,0.025,160,62,6,0.007695354043993571,0.08942583203315735,True,1e-06
RK4,40,0.025,160,63,6,0.0036786162240579363,0.016351521015167236,True,1.2142100713690488e-06
RK4,40,0.025,160,64,6,0.004903178420732104,0.01992619037628174,True,1.059778896784065e-06
RK4,40,0.025,160,65,6,0.00555346744914486,0.02456521987915039,True,1.0200925970424066e-06
RK4,40,0.025,160,66,6,0.003865735442361658,0.018732845783233643,True,1e-06
RK4,40,0.025,160,67,6,0.003720615723189955,0.018774032592773438,True,1e-06
RK4,40,0.025,160,68,6,0.0022903462061339475,0.01089709997177124,True,1e-06
RK4,40,0.025,160,69,6,0.0035279420569299274,0.019281387329101562,True,1e-06
RK4,40,0.025,160,70,7,0.003540588425773448,0.025700426660478115,True,1.002172487207418e-06
RK4,40,0.025,160,71,7,0.004241482777948743,0.05514645576477051,True,1.3019912601984357e-06
RK4,40,0.025,160,72,7,0.002876069257647975,0.02115452289581299,True,1e-06
RK4,40,0.025,160,73,7,0.0025618839023211163,0.01701320707798004,True,1e-06
RK4,40,0.025,160,74,7,0.004734788734927162,0.015843868255615234,True,1e-06
RK4,40,0.025,160,75,7,0.00173087343200495,0.00817561149597168,False,1e-06
RK4,40,0.025,160,76,7,0.00513059339090361,0.042728275060653687,True,4.664503408117071e-06
RK4,40,0.025,160,77,7,0.003235720059323924,0.017923831939697266,True,1e-06
RK4,40,0.025,160,78,7,0.005712750066032333,0.02110910415649414,True,1e-06
RK4,40,0.025,160,79,7,0.0050714185242838146,0.01796412467956543,True,1e-06
RK4,40,0.025,160,80,8,0.004011945589693847,0.01696234941482544,True,1e-06
RK4,40,0.025,160,81,8,0.003137157410455685,0.01478111743927002,True,1e-06
RK4,40,0.025,160,82,8,0.004386148774084195,0.018912553787231445,True,1e-06
RK4,40,0.025,160,83,8,0.005767375031691875,0.030505701899528503,True,1e-06
RK4,40,0.025,160,84,8,0.003921721496891573,0.017126649618148804,True,1.465383478007093e-06
RK4,40,0.025,160,85,8,0.00827256959356034,0.07988792657852173,True,2.273783090272719e-06
RK4,40,0.025,160,86,8,0.004652498896088342,0.016646623611450195,True,1e-06
RK4,40,0.025,160,87,8,0.007776490889540763,0.08574369549751282,True,1e-06
RK4,40,0.025,160,88,8,0.012328078345352456,0.23771384358406067,True,2.2396403043488253e-06
RK4,40,0.025,160,89,8,0.004918981660734544,0.05195072293281555,True,1.223397610678078e-06
RK4,40,0.025,160,90,9,0.00413281912673051,0.04686003923416138,True,2.216658055858132e-06
RK4,40,0.025,160,91,9,0.0038795478674836324,0.027993815019726753,True,1e-06
RK4,40,0.025,160,92,9,0.006714967959866498,0.07989464700222015,True,2.181670229268033e-06
RK4,40,0.025,160,93,9,0.005105440547476374,0.021658778190612793,True,1e-06
RK4,40,0.025,160,94,9,0.0033549374837295322,0.013876080513000488,False,1e-06
RK4,40,0.025,160,95,9,0.0022505021215616797,0.010732650756835938,True,1e-06
RK4,40,0.025,160,96,9,0.0037783943232215407,0.014736711978912354,True,1.009288426726286e-06
RK4,40,0.025,160,97,9,0.0054262951555858795,0.02222001552581787,True,1e-06
RK4,40,0.025,160,98,9,0.005045917538297053,0.017636537551879883,True,1e-06
RK4,40,0.025,160,99,9,0.003548659856752205,0.014105439186096191,True,1e-06
RK4,80,0.0125,320,0,0,0.001820459068946642,0.006500363349914551,True,1e-06
RK4,80,0.0125,320,1,0,0.0018027852956257297,0.01185542345046997,True,1e-06
RK4,80,0.0125,320,2,0,0.0018187956385514144,0.008246630430221558,True,1e-06
RK4,80,0.0125,320,3,0,0.005754301368334167,0.08987468481063843,True,1e-06
RK4,80,0.0125,320,4,0,0.0028392711145483734,0.04256020486354828,True,1e-06
RK4,80,0.0125,320,5,0,0.001881446713328072,0.00859137438237667,True,1.7500830152219005e-06
RK4,80,0.0125,320,6,0,0.0021325058245972267,0.0105447918176651,True,1e-06
RK4,80,0.0125,320,7,0,0.003015772182118226,0.024885058403015137,True,1e-06
RK4,80,0.0125,320,8,0,0.002161812519579087,0.013358891010284424,True,1e-06
RK4,80,0.0125,320,9,0,0.002779627936464535,0.01660671690478921,True,1e-06
RK4,80,0.0125,320,10,1,0.0026451983584536093,0.016514122486114502,True,1e-06
RK4,80,0.0125,320,11,1,0.0021150051269463667,0.00813758373260498,True,1e-06
RK4,80,0.0125,320,12,1,0.0013460934833729754,0.00854625552892685,True,1e-06
RK4,80,0.0125,320,13,1,0.0012476294356428305,0.011366724967956543,True,1e-06
RK4,80,0.0125,320,14,1,0.002042035182952949,0.007106423377990723,True,1e-06
RK4,80,0.0125,320,15,1,0.003325812801262083,0.036624789237976074,True,1.3317213891376878e-06
RK4,80,0.0125,320,16,1,0.001818058360806963,0.014613628387451172,True,1e-06
RK4,80,0.0125,320,17,1,0.0015272803702651044,0.005943357944488525,True,1e-06
RK4,80,0.0125,320,18,1,0.0017101847377500245,0.03133112192153931,True,1e-06
RK4,80,0.0125,320,19,1,0.0016399469058419516,0.006519436836242676,True,1e-06
RK4,80,0.0125,320,20,2,0.002447890552509689,0.013863980770111084,True,1.0868335440780543e-06
RK4,80,0.0125,320,21,2,0.0019248278875282343,0.011259913444519043,True,1e-06
RK4,80,0.0125,320,22,2,0.0036132484797284795,0.0432470440864563,True,1e-06
RK4,80,0.0125,320,23,2,0.0018174608354186482,0.012542277574539185,True,1.2352563854491178e-06
RK4,80,0.0125,320,24,2,0.002498664404603926,0.01888096332550049,True,1e-06
RK4,80,0.0125,320,25,2,0.004189711197505983,0.05841407552361488,True,2.339793996620816e-06
RK4,80,0.0125,320,26,2,0.002666164388399194,0.03465127944946289,True,1e-06
RK4,80,0.0125,320,27,2,0.0017856943922827957,0.007545396685600281,True,1e-06
RK4,80,0.0125,320,28,2,0.0026728445010863093,0.019288688898086548,True,2.1685488822251237e-06
RK4,80,0.0125,320,29,2,0.002681670856774107,0.022110819816589355,True,1e-06
RK4,80,0.0125,320,30,3,0.002121658602299084,0.01834302768111229,True,1.0251815674748809e-06
RK4,80,0.0125,320,31,3,0.0025340664506351375,0.021258920431137085,False,1.0058863599914548e-06
RK4,80,0.0125,320,32,3,0.002087810174587538,0.012249588966369629,True,1e-06
RK4,80,0.0125,320,33,3,0.0016832295510080411,0.008599638938903809,True,1.1038277689729205e-06
RK4,80,0.0125,320,34,3,0.001770621411115749,0.012344032526016235,True,1.2764821486052176e-06
RK4,80,0.0125,320,35,3,0.0017616884932764156,0.009886760264635086,True,2.024340481619809e-06
RK4,80,0.0125,320,36,3,0.001642538158424432,0.006906867027282715,True,1e-06
RK4,80,0.0125,320,37,3,0.0027059582191087225,0.023225069046020508,True,1e-06
RK4,80,0.0125,320,38,3,0.00248328803135105,0.01099821925163269,True,1.062211266275174e-06
RK4,80,0.0125,320,39,3,0.0015806039611005458,0.006579548120498657,True,1e-06
RK4,80,0.0125,320,40,4,0.0017096693779161576,0.008282363414764404,True,1e-06
RK4,80,0.0125,320,41,4,0.001750506612517066,0.008946150541305542,True,1e-06
RK4,80,0.0125,320,42,4,0.009720215589206709,0.10273191332817078,True,2.5928913806302533e-06
RK4,80,0.0125,320,43,4,0.0018841907089667722,0.008276939392089844,True,1e-06
RK4,80,0.0125,320,44,4,0.002056037474392747,0.014744997024536133,True,1e-06
RK4,80,0.0125,320,45,4,0.002273494855178024,0.016101181507110596,True,1.672302531494149e-06
RK4,80,0.0125,320,46,4,0.001767181824764638,0.015780657529830933,True,1e-06
RK4,80,0.0125,320,47,4,0.0019254053601308226,0.010829925537109375,True,1e-06
RK4,80,0.0125,320,48,4,0.0017257836498966608,0.013764411211013794,True,1e-06
RK4,80,0.0125,320,49,4,0.002163109449130831,0.012120924890041351,True,1e-06
RK4,80,0.0125,320,50,5,0.004627624295667054,0.04860547184944153,True,1.8178964562934237e-06
RK4,80,0.0125,320,51,5,0.0020222625109879004,0.00737452507019043,True,1e-06
RK4,80,0.0125,320,52,5,0.001945836586557631,0.011190056800842285,True,1e-06
RK4,80,0.0125,320,53,5,0.0016473572772570276,0.012676835060119629,True,1e-06
RK4,80,0.0125,320,54,5,0.002474834896064898,0.02141578495502472,True,1e-06
RK4,80,0.0125,320,55,5,0.0020867426819321947,0.01721319556236267,True,1e-06
RK4,80,0.0125,320,56,5,0.0027462465865912946,0.025955259799957275,True,1.4590741595977263e-06
RK4,80,0.0125,320,57,5,0.0025452975316153383,0.03222210705280304,True,1.2469731555051633e-06
RK4,80,0.0125,320,58,5,0.003125191546519439,0.04032754898071289,True,1e-06
RK4,80,0.0125,320,59,5,0.008469137591294683,0.07880580425262451,True,2.5425618519701875e-06
RK4,80,0.0125,320,60,6,0.006733386454165979,0.0753750205039978,True,1.7914387306596396e-06
RK4,80,0.0125,320,61,6,0.0025973663465007875,0.021992415189743042,True,1e-06
RK4,80,0.0125,320,62,6,0.0020847282532687017,0.013369262218475342,True,1e-06
RK4,80,0.0125,320,63,6,0.0025537614746670174,0.02262735366821289,True,1.2142100713690488e-06
RK4,80,0.0125,320,64,6,0.002148142210348834,0.012566566467285156,True,1.059778896784065e-06
RK4,80,0.0125,320,65,6,0.003742487354182296,0.04032808542251587,True,1.0200925970424066e-06
RK4,80,0.0125,320,66,6,0.0020802619123068715,0.014573872089385986,True,1e-06
RK4,80,0.0125,320,67,6,0.001626303572456399,0.006413638591766357,True,1e-06
RK4,80,0.0125,320,68,6,0.0011450766660699523,0.005868673324584961,True,1e-06
RK4,80,0.0125,320,69,6,0.0014905471266195454,0.00707089900970459,True,1e-06
RK4,80,0.0125,320,70,7,0.0017152475882922784,0.009533792734146118,True,1.002172487207418e-06
RK4,80,0.0125,320,71,7,0.0017653151227309146,0.022162720561027527,True,1.3019912601984357e-06
RK4,80,0.0125,320,72,7,0.003376044273498182,0.053560853004455566,True,1e-06
RK4,80,0.0125,320,73,7,0.0017740720071538383,0.011296764016151428,True,1e-06
RK4,80,0.0125,320,74,7,0.0017692959227835323,0.007787808775901794,True,1e-06
RK4,80,0.0125,320,75,7,0.0010880563808709533,0.009505249559879303,False,1e-06
RK4,80,0.0125,320,76,7,0.002955265926061792,0.022376269102096558,True,4.664503408117071e-06
RK4,80,0.0125,320,77,7,0.0014178046180785377,0.008203744888305664,True,1e-06
RK4,80,0.0125,320,78,7,0.0027356348279834516,0.015643179416656494,True,1e-06
RK4,80,0.0125,320,79,7,0.002186085007965414,0.013773728162050247,True,1e-06
RK4,80,0.0125,320,80,8,0.00203533545158162,0.015321731567382812,True,1e-06
RK4,80,0.0125,320,81,8,0.0017063555834891699,0.006845451891422272,True,1e-06
RK4,80,0.0125,320,82,8,0.0024806145232475797,0.016876518726348877,True,1e-06
RK4,80,0.0125,320,83,8,0.003224606389086791,0.021860182285308838,True,1e-06
RK4,80,0.0125,320,84,8,0.0034627914941471093,0.03225989639759064,True,1.465383478007093e-06
RK4,80,0.0125,320,85,8,0.008358796410781723,0.08589565753936768,True,2.273783090272719e-06
RK4,80,0.0125,320,86,8,0.0019418187666366878,0.00842428207397461,True,1e-06
RK4,80,0.0125,320,87,8,0.004718498509813854,0.05721952021121979,True,1e-06
RK4,80,0.0125,320,88,8,0.003866161296794697,0.06517601013183594,True,2.2396403043488253e-06
RK4,80,0.0125,320,89,8,0.004454827724152566,0.054088741540908813,True,1.223397610678078e-06
RK4,80,0.0125,320,90,9,0.001279489153512835,0.017232120037078857,True,2.216658055858132e-06
RK4,80,0.0125,320,91,9,0.001653396780799028,0.01090220920741558,True,1e-06
RK4,80,0.0125,320,92,9,0.00449798889504135,0.04904542863368988,True,2.181670229268033e-06
RK4,80,0.0125,320,93,9,0.0021553146813952746,0.009220123291015625,True,1e-06
RK4,80,0.0125,320,94,9,0.0014786708859836923,0.005973935127258301,False,1e-06
RK4,80,0.0125,320,95,9,0.001258371271143917,0.006205812096595764,True,1e-06
RK4,80,0.0125,320,96,9,0.001574587088362637,0.007594607770442963,True,1.009288426726286e-06
RK4,80,0.0125,320,97,9,0.0022305570818338754,0.009109169244766235,True,1e-06
RK4,80,0.0125,320,98,9,0.0022646424807804336,0.009022489190101624,True,1e-06
RK4,80,0.0125,320,99,9,0.0024916225230192713,0.015830516815185547,True,1e-06
RK4,160,0.00625,640,0,0,0.0006395531856254224,0.0020270347595214844,True,1e-06
RK4,160,0.00625,640,1,0,0.0005411650816341503,0.0031765103340148926,True,1e-06
RK4,160,0.00625,640,2,0,0.0006628694009347893,0.003098994493484497,True,1e-06
RK4,160,0.00625,640,3,0,0.0015402742423128715,0.022109508514404297,True,1e-06
RK4,160,0.00625,640,4,0,0.000987991068803123,0.014580458402633667,True,1e-06
RK4,160,0.00625,640,5,0,0.0006871520529866795,0.004531330429017544,True,1.7500830152219005e-06
RK4,160,0.00625,640,6,0,0.0006676714830924654,0.0032442882657051086,True,1e-06
RK4,160,0.00625,640,7,0,0.0008926503440811137,0.006841003894805908,True,1e-06
RK4,160,0.00625,640,8,0,0.0007109624551549691,0.004032805562019348,True,1e-06
RK4,160,0.00625,640,9,0,0.0008454774047870481,0.005182415246963501,True,1e-06
RK4,160,0.00625,640,10,1,0.000785474087894992,0.0045607686042785645,True,1e-06
RK4,160,0.00625,640,11,1,0.0007044572125263202,0.0030981898307800293,True,1e-06
RK4,160,0.00625,640,12,1,0.00046928172193362014,0.00287502259016037,True,1e-06
RK4,160,0.00625,640,13,1,0.0004456544918419887,0.0029892325401306152,True,1e-06
RK4,160,0.00625,640,14,1,0.0007533471969070042,0.003014683723449707,True,1e-06
RK4,160,0.00625,640,15,1,0.0010943677861656484,0.011915147304534912,True,1.3317213891376878e-06
RK4,160,0.00625,640,16,1,0.0005834675415357217,0.003943979740142822,True,1e-06
RK4,160,0.00625,640,17,1,0.000583359817317393,0.002133607864379883,True,1e-06
RK4,160,0.00625,640,18,1,0.0005976760448610241,0.010400176048278809,True,1e-06
RK4,160,0.00625,640,19,1,0.0005725590105581972,0.002115190029144287,True,1e-06
RK4,160,0.00625,640,20,2,0.0007598887593631669,0.003928661346435547,True,1.0868335440780543e-06
RK4,160,0.00625,640,21,2,0.0006246725021422453,0.0035625100135803223,True,1e-06
RK4,160,0.00625,640,22,2,0.0012425423289945947,0.015436232089996338,True,1e-06
RK4,160,0.00625,640,23,2,0.0006136599079255889,0.005617916584014893,True,1.2352563854491178e-06
RK4,160,0.00625,640,24,2,0.0008415499511145839,0.005977928638458252,True,1e-06
RK4,160,0.00625,640,25,2,0.002053615514923965,0.030625320971012115,True,2.339793996620816e-06
RK4,160,0.00625,640,26,2,0.0009322189034228226,0.011520445346832275,True,1e-06
RK4,160,0.00625,640,27,2,0.0005732036836317896,0.002356886863708496,True,1e-06
RK4,160,0.00625,640,28,2,0.0007671054914897398,0.005434006452560425,True,2.1685488822251237e-06
RK4,160,0.00625,640,29,2,0.0008505384746093347,0.0070615410804748535,True,1e-06
RK4,160,0.00625,640,30,3,0.0007577955038141332,0.006205499172210693,True,1.0251815674748809e-06
RK4,160,0.00625,640,31,3,0.0009038547769855131,0.008324891328811646,False,1.0058863599914548e-06
RK4,160,0.00625,640,32,3,0.0006992147410057021,0.0036728382110595703,True,1e-06
RK4,160,0.00625,640,33,3,0.0005754581636930126,0.002629697322845459,True,1.1038277689729205e-06
RK4,160,0.00625,640,34,3,0.0005669843296726536,0.0045118629932403564,True,1.2764821486052176e-06
RK4,160,0.00625,640,35,3,0.0005309707464334993,0.0028303861618041992,True,2.024340481619809e-06
RK4,160,0.00625,640,36,3,0.0005426745506251719,0.0023064613342285156,True,1e-06
RK4,160,0.00625,640,37,3,0.0009856622808768502,0.010605990886688232,True,1e-06
RK4,160,0.00625,640,38,3,0.0008837786812188969,0.004664510488510132,True,1.062211266275174e-06
RK4,160,0.00625,640,39,3,0.0005783995591092534,0.002922624349594116,True,1e-06
RK4,160,0.00625,640,40,4,0.0006187602799183282,0.002307593822479248,True,1e-06
RK4,160,0.00625,640,41,4,0.0006016234849928303,0.0028782933950424194,True,1e-06
RK4,160,0.00625,640,42,4,0.002903503028616994,0.03222569823265076,True,2.5928913806302533e-06
RK4,160,0.00625,640,43,4,0.0006491623257461409,0.0023849010467529297,True,1e-06
RK4,160,0.00625,640,44,4,0.0007371937914689059,0.005264580249786377,True,1e-06
RK4,160,0.00625,640,45,4,0.0006318018817370138,0.003769516944885254,True,1.672302531494149e-06
RK4,160,0.00625,640,46,4,0.0005829748505170857,0.0032642483711242676,True,1e-06
RK4,160,0.00625,640,47,4,0.0006547378476264449,0.002953052520751953,True,1e-06
RK4,160,0.00625,640,48,4,0.0005853786285573098,0.004903018474578857,True,1e-06
RK4,160,0.00625,640,49,4,0.0006736159740457483,0.003231354057788849,True,1e-06
RK4,160,0.00625,640,50,5,0.00174296319837872,0.01829339563846588,True,1.8178964562934237e-06
RK4,160,0.00625,640,51,5,0.0007063467418072168,0.0026184916496276855,True,1e-06
RK4,160,0.00625,640,52,5,0.0006849018023741476,0.003676891326904297,True,1e-06
RK4,160,0.00625,640,53,5,0.0005809479234873187,0.0023938938975334167,True,1e-06
RK4,160,0.00625,640,54,5,0.0008899977793955875,0.007364124059677124,True,1e-06
RK4,160,0.00625,640,55,5,0.000843247833811136,0.008331984281539917,True,1e-06
RK4,160,0.00625,640,56,5,0.0007850860375908403,0.007231101393699646,True,1.4590741595977263e-06
RK4,160,0.00625,640,57,5,0.0008222020170886784,0.009765863418579102,True,1.2469731555051633e-06
RK4,160,0.00625,640,58,5,0.0010858662007207469,0.014696776866912842,True,1e-06
RK4,160,0.00625,640,59,5,0.0029007232227625753,0.028518229722976685,True,2.5425618519701875e-06
RK4,160,0.00625,640,60,6,0.001882513646075244,0.021677985787391663,True,1.7914387306596396e-06
RK4,160,0.00625,640,61,6,0.0007789522625029985,0.0066776275634765625,True,1e-06
RK4,160,0.00625,640,62,6,0.0010049186346725136,0.009257853031158447,True,1e-06
RK4,160,0.00625,640,63,6,0.0008196901181826908,0.007807493209838867,True,1.2142100713690488e-06
RK4,160,0.00625,640,64,6,0.0007127114543907545,0.003923237323760986,True,1.059778896784065e-06
RK4,160,0.00625,640,65,6,0.0010719616185719196,0.010063230991363525,True,1.0200925970424066e-06
RK4,160,0.00625,640,66,6,0.00065529428002735,0.0034964680671691895,True,1e-06
RK4,160,0.00625,640,67,6,0.0005662736699762965,0.0019538402557373047,True,1e-06
RK4,160,0.00625,640,68,6,0.0004535614369390553,0.0021287202835083008,True,1e-06
RK4,160,0.00625,640,69,6,0.0005702816029094268,0.0024520158767700195,True,1e-06
RK4,160,0.00625,640,70,7,0.00055828411640041,0.002998828887939453,True,1.002172487207418e-06
RK4,160,0.00625,640,71,7,0.0007548794590517785,0.010338276624679565,True,1.3019912601984357e-06
RK4,160,0.00625,640,72,7,0.0008633125980814167,0.012694388628005981,True,1e-06
RK4,160,0.00625,640,73,7,0.0005890195810213026,0.003192216157913208,True,1e-06
RK4,160,0.00625,640,74,7,0.0005856669728746973,0.001958489418029785,True,1e-06
RK4,160,0.00625,640,75,7,0.00035932527733594367,0.0022647827863693237,False,1e-06
RK4,160,0.00625,640,76,7,0.0008929859239529638,0.006085574626922607,True,4.664503408117071e-06
RK4,160,0.00625,640,77,7,0.0005314020780932057,0.0026840567588806152,True,1e-06
RK4,160,0.00625,640,78,7,0.0007847839557056401,0.003948986530303955,True,1e-06
RK4,160,0.00625,640,79,7,0.0006912110645713448,0.0027025341987609863,True,1e-06
RK4,160,0.00625,640,80,8,0.0006761587853831778,0.0047061145305633545,True,1e-06
RK4,160,0.00625,640,81,8,0.0006008198779979899,0.0023891180753707886,True,1e-06
RK4,160,0.00625,640,82,8,0.0008360332493026004,0.005834221839904785,True,1e-06
RK4,160,0.00625,640,83,8,0.0011259988864321707,0.008193746209144592,True,1e-06
RK4,160,0.00625,640,84,8,0.0010060643424392192,0.009792327880859375,True,1.465383478007093e-06
RK4,160,0.00625,640,85,8,0.002565442594979192,0.02549147605895996,True,2.273783090272719e-06
RK4,160,0.00625,640,86,8,0.0006328185356311584,0.002934694290161133,True,1e-06
RK4,160,0.00625,640,87,8,0.0016736250165752583,0.02058243751525879,True,1e-06
RK4,160,0.00625,640,88,8,0.002000523165833077,0.03370320796966553,True,2.2396403043488253e-06
RK4,160,0.00625,640,89,8,0.001414847429073898,0.016653716564178467,True,1.223397610678078e-06
RK4,160,0.00625,640,90,9,0.00057346720955809,0.007523894309997559,True,2.216658055858132e-06
RK4,160,0.00625,640,91,9,0.0006009006319070993,0.004963286221027374,True,1e-06
RK4,160,0.00625,640,92,9,0.0014219872193373712,0.019086048007011414,True,2.181670229268033e-06
RK4,160,0.00625,640,93,9,0.0007578201500584977,0.002879321575164795,True,1e-06
RK4,160,0.00625,640,94,9,0.0005314015851039505,0.0021338462829589844,False,1e-06
RK4,160,0.00625,640,95,9,0.0004891773863215413,0.0021681953221559525,True,1e-06
RK4,160,0.00625,640,96,9,0.000504050844672591,0.002163320779800415,True,1.009288426726286e-06
RK4,160,0.00625,640,97,9,0.0007743495891427696,0.003604188561439514,True,1e-06
RK4,160,0.00625,640,98,9,0.0007564158109409601,0.0027268826961517334,True,1e-06
RK4,160,0.00625,640,99,9,0.000769406768889007,0.004861950874328613,True,1e-06
RK4,320,0.003125,1280,0,0,9.592850425106508e-05,0.0005570650100708008,True,1e-06
RK4,320,0.003125,1280,1,0,4.157989840219044e-05,0.00014072656631469727,True,1e-06
RK4,320,0.003125,1280,2,0,9.393910577170548e-05,0.0005081892013549805,True,1e-06
RK4,320,0.003125,1280,3,0,2.31829465631757e-05,0.00023245811462402344,True,1e-06
RK4,320,0.003125,1280,4,0,5.564084202570261e-05,0.00027573108673095703,True,1e-06
RK4,320,0.003125,1280,5,0,7.598837437695328e-05,0.00027942657470703125,True,1.7500830152219005e-06
RK4,320,0.003125,1280,6,0,7.631981999080026e-05,0.0002804398536682129,True,1e-06
RK4,320,0.003125,1280,7,0,5.835860963188656e-05,0.0002614259719848633,True,1e-06
RK4,320,0.003125,1280,8,0,6.87845817391714e-05,0.00025784969329833984,True,1e-06
RK4,320,0.003125,1280,9,0,4.1982696053873636e-05,0.00016766786575317383,True,1e-06
RK4,320,0.003125,1280,10,1,0.00010656897334097668,0.0004464387893676758,True,1e-06
RK4,320,0.003125,1280,11,1,0.0001127371447648079,0.0005309581756591797,True,1e-06
RK4,320,0.003125,1280,12,1,7.777564257971682e-05,0.0002670884132385254,True,1e-06
RK4,320,0.003125,1280,13,1,9.212993701440798e-05,0.0004031062126159668,True,1e-06
RK4,320,0.003125,1280,14,1,0.00014507549828401183,0.0006242990493774414,True,1e-06
RK4,320,0.003125,1280,15,1,9.893499051548e-05,0.00030481815338134766,True,1.3317213891376878e-06
RK4,320,0.003125,1280,16,1,7.747349820047697e-05,0.0002968311309814453,True,1e-06
RK4,320,0.003125,1280,17,1,0.0001131483232385725,0.0004324913024902344,True,1e-06
RK4,320,0.003125,1280,18,1,8.316643168222853e-05,0.00039184093475341797,True,1e-06
RK4,320,0.003125,1280,19,1,0.0001163235865365011,0.0005701780319213867,True,1e-06
RK4,320,0.003125,1280,20,2,7.260163311484516e-05,0.0003275871276855469,True,1.0868335440780543e-06
RK4,320,0.003125,1280,21,2,7.94907700900509e-05,0.00032573938369750977,True,1e-06
RK4,320,0.003125,1280,22,2,7.494469699875038e-05,0.00032317638397216797,True,1e-06
RK4,320,0.003125,1280,23,2,5.0736022080372365e-05,0.0001983642578125,True,1.2352563854491178e-06
RK4,320,0.003125,1280,24,2,0.00010814919573929444,0.00045037269592285156,True,1e-06
RK4,320,0.003125,1280,25,2,5.81308719819787e-05,0.00021457672119140625,True,2.339793996620816e-06
RK4,320,0.003125,1280,26,2,6.709678716082484e-05,0.00025653839111328125,True,1e-06
RK4,320,0.003125,1280,27,2,6.794164141186536e-05,0.0003421306610107422,True,1e-06
RK4,320,0.003125,1280,28,2,5.249051853979989e-05,0.00020515918731689453,True,2.1685488822251237e-06
RK4,320,0.003125,1280,29,2,3.858338133322613e-05,0.0001512765884399414,True,1e-06
RK4,320,0.003125,1280,30,3,6.83057268642142e-05,0.0003299117088317871,True,1.0251815674748809e-06
RK4,320,0.003125,1280,31,3,5.2654812904501845e-05,0.00020200014114379883,False,1.0058863599914548e-06
RK4,320,0.003125,1280,32,3,8.572332513480983e-05,0.00031816959381103516,True,1e-06
RK4,320,0.003125,1280,33,3,4.6240111160206776e-05,0.0001901388168334961,True,1.1038277689729205e-06
RK4,320,0.003125,1280,34,3,3.4948335276699746e-05,0.0001239180564880371,True,1.2764821486052176e-06
RK4,320,0.003125,1280,35,3,5.7508465470957757e-05,0.0002588033676147461,True,2.024340481619809e-06
RK4,320,0.003125,1280,36,3,7.253984194991618e-05,0.00031816959381103516,True,1e-06
RK4,320,0.003125,1280,37,3,3.2756171467537003e-05,0.00024148821830749512,True,1e-06
RK4,320,0.003125,1280,38,3,0.00011961869608630358,0.0004862546920776367,True,1.062211266275174e-06
RK4,320,0.003125,1280,39,3,5.878474846040323e-05,0.0002091526985168457,True,1e-06
RK4,320,0.003125,1280,40,4,8.485438048519484e-05,0.00039142370223999023,True,1e-06
RK4,320,0.003125,1280,41,4,6.529898197556085e-05,0.00023818016052246094,True,1e-06
RK4,320,0.003125,1280,42,4,8.184675573792603e-05,0.00038236379623413086,True,2.5928913806302533e-06
RK4,320,0.003125,1280,43,4,8.623546064636964e-05,0.00035071372985839844,True,1e-06
RK4,320,0.003125,1280,44,4,8.956448993717937e-05,0.00037670135498046875,True,1e-06
RK4,320,0.003125,1280,45,4,5.7219200826924876e-05,0.00023895502090454102,True,1.672302531494149e-06
RK4,320,0.003125,1280,46,4,7.746525451397996e-05,0.00028264522552490234,True,1e-06
RK4,320,0.003125,1280,47,4,9.648648197452031e-05,0.00045621395111083984,True,1e-06
RK4,320,0.003125,1280,48,4,6.223603940544972e-05,0.00023865699768066406,True,1e-06
RK4,320,0.003125,1280,49,4,7.776527709676407e-05,0.00031244754791259766,True,1e-06
RK4,320,0.003125,1280,50,5,8.627382832594888e-05,0.00037407875061035156,True,1.8178964562934237e-06
RK4,320,0.003125,1280,51,5,0.00010544264832922877,0.00041222572326660156,True,1e-06
RK4,320,0.003125,1280,52,5,9.599981554641602e-05,0.00036537647247314453,True,1e-06
RK4,320,0.003125,1280,53,5,8.627056573660787e-05,0.0003974437713623047,True,1e-06
RK4,320,0.003125,1280,54,5,0.00011745716150213734,0.000518798828125,True,1e-06
RK4,320,0.003125,1280,55,5,5.0116016647611945e-05,0.0003066062927246094,True,1e-06
RK4,320,0.003125,1280,56,5,2.374085882390141e-05,0.0001537799835205078,True,1.4590741595977263e-06
RK4,320,0.003125,1280,57,5,3.167816051448342e-05,0.00011670589447021484,True,1.2469731555051633e-06
RK4,320,0.003125,1280,58,5,9.10023800148771e-05,0.00043511390686035156,True,1e-06
RK4,320,0.003125,1280,59,5,5.190277222892445e-05,0.00041943788528442383,True,2.5425618519701875e-06
RK4,320,0.003125,1280,60,6,4.8060112486968474e-05,0.0007173418998718262,True,1.7914387306596396e-06
RK4,320,0.003125,1280,61,6,2.5684354723895605e-05,0.0001971721649169922,True,1e-06
RK4,320,0.003125,1280,62,6,7.33278270122362e-05,0.0002837181091308594,True,1e-06
RK4,320,0.003125,1280,63,6,4.758351664048511e-05,0.00020903348922729492,True,1.2142100713690488e-06
RK4,320,0.003125,1280,64,6,9.248145685688663e-05,0.00039076805114746094,True,1.059778896784065e-06
RK4,320,0.003125,1280,65,6,0.00011301014147457361,0.00041675567626953125,True,1.0200925970424066e-06
RK4,320,0.003125,1280,66,6,7.282223256825625e-05,0.00027763843536376953,True,1e-06
RK4,320,0.003125,1280,67,6,6.990814444144028e-05,0.0002703666687011719,True,1e-06
RK4,320,0.003125,1280,68,6,6.485951759425231e-05,0.00022792816162109375,True,1e-06
RK4,320,0.003125,1280,69,6,9.533208659587553e-05,0.00042301416397094727,True,1e-06
RK4,320,0.003125,1280,70,7,5.775232665502315e-05,0.0002650618553161621,True,1.002172487207418e-06
RK4,320,0.003125,1280,71,7,4.601625409012457e-05,0.0002365410327911377,True,1.3019912601984357e-06
RK4,320,0.003125,1280,72,7,5.33192763224868e-05,0.0004661977291107178,True,1e-06
RK4,320,0.003125,1280,73,7,5.1949562521910725e-05,0.0001989603042602539,True,1e-06
RK4,320,0.003125,1280,74,7,7.747743809111776e-05,0.0002639293670654297,True,1e-06
RK4,320,0.003125,1280,75,7,2.9052266291665658e-05,0.0001156926155090332,False,1e-06
RK4,320,0.003125,1280,76,7,9.941732779602324e-05,0.0003695487976074219,True,4.664503408117071e-06
RK4,320,0.003125,1280,77,7,8.488147268542038e-05,0.0003815293312072754,True,1e-06
RK4,320,0.003125,1280,78,7,9.494741882901248e-05,0.00047522783279418945,True,1e-06
RK4,320,0.003125,1280,79,7,9.688654448281342e-05,0.00035965442657470703,True,1e-06
RK4,320,0.003125,1280,80,8,6.702897749268572e-05,0.00023257732391357422,True,1e-06
RK4,320,0.003125,1280,81,8,8.268020196739246e-05,0.00027310848236083984,True,1e-06
RK4,320,0.003125,1280,82,8,9.221694532723885e-05,0.0003178119659423828,True,1e-06
RK4,320,0.003125,1280,83,8,6.733181684116701e-05,0.00026166439056396484,True,1e-06
RK4,320,0.003125,1280,84,8,3.214687965816285e-05,0.00011259317398071289,True,1.465383478007093e-06
RK4,320,0.003125,1280,85,8,3.189704258302661e-05,0.0003579854965209961,True,2.273783090272719e-06
RK4,320,0.003125,1280,86,8,8.019137739501851e-05,0.00027120113372802734,True,1e-06
RK4,320,0.003125,1280,87,8,8.112634952279488e-05,0.00031054019927978516,True,1e-06
RK4,320,0.003125,1280,88,8,6.471878185466291e-05,0.0003425478935241699,True,2.2396403043488253e-06
RK4,320,0.003125,1280,89,8,3.078144863885048e-05,0.00017011165618896484,True,1.223397610678078e-06
RK4,320,0.003125,1280,90,9,4.408560281709912e-05,0.00016993284225463867,True,2.216658055858132e-06
RK4,320,0.003125,1280,91,9,7.617214852676287e-05,0.00032019615173339844,True,1e-06
RK4,320,0.003125,1280,92,9,5.976134648014946e-05,0.00037530064582824707,True,2.181670229268033e-06
RK4,320,0.003125,1280,93,9,0.0001237457182779775,0.0005365610122680664,True,1e-06
RK4,320,0.003125,1280,94,9,8.119080074357254e-05,0.00038886070251464844,False,1e-06
RK4,320,0.003125,1280,95,9,6.456256385525383e-05,0.00022488832473754883,True,1e-06
RK4,320,0.003125,1280,96,9,5.1445620372776594e-05,0.00017011165618896484,True,1.009288426726286e-06
RK4,320,0.003125,1280,97,9,0.00011195663333215106,0.000540614128112793,True,1e-06
RK4,320,0.003125,1280,98,9,0.0001014556198428625,0.00038802623748779297,True,1e-06
RK4,320,0.003125,1280,99,9,8.799177610084371e-05,0.0003420114517211914,True,1e-06
RK4,640,0.0015625,2560,0,0,2.3234476388817342e-05,0.00010013580322265625,True,1e-06
RK4,640,0.0015625,2560,1,0,7.069314867198458e-06,2.956390380859375e-05,True,1e-06
RK4,640,0.0015625,2560,2,0,1.776200219999912e-05,8.14199447631836e-05,True,1e-06
RK4,640,0.0015625,2560,3,0,1.4085751643873804e-06,7.927417755126953e-06,True,1e-06
RK4,640,0.0015625,2560,4,0,1.1172998921854023e-05,4.3511390686035156e-05,True,1e-06
RK4,640,0.0015625,2560,5,0,1.250798899680992e-05,4.8995018005371094e-05,True,1.7500830152219005e-06
RK4,640,0.0015625,2560,6,0,1.474542056029865e-05,5.221366882324219e-05,True,1e-06
RK4,640,0.0015625,2560,7,0,7.1358079292630755e-06,3.147125244140625e-05,True,1e-06
RK4,640,0.0015625,2560,8,0,1.351036240299444e-05,4.756450653076172e-05,True,1e-06
RK4,640,0.0015625,2560,9,0,7.065594789958457e-06,2.562999725341797e-05,True,1e-06
RK4,640,0.0015625,2560,10,1,2.2736974965401e-05,7.236003875732422e-05,True,1e-06
RK4,640,0.0015625,2560,11,1,2.8432319441376462e-05,0.00013339519500732422,True,1e-06
RK4,640,0.0015625,2560,12,1,1.4105701013517213e-05,4.482269287109375e-05,True,1e-06
RK4,640,0.0015625,2560,13,1,1.773486010706194e-05,7.402896881103516e-05,True,1e-06
RK4,640,0.0015625,2560,14,1,3.878430941574176e-05,0.00017321109771728516,True,1e-06
RK4,640,0.0015625,2560,15,1,2.297243480743325e-05,6.699562072753906e-05,True,1.3317213891376878e-06
RK4,640,0.0015625,2560,16,1,1.3842548382637405e-05,4.8279762268066406e-05,True,1e-06
RK4,640,0.0015625,2560,17,1,2.9015489205874333e-05,9.918212890625e-05,True,1e-06
RK4,640,0.0015625,2560,18,1,1.4756411454668355e-05,6.014108657836914e-05,True,1e-06
RK4,640,0.0015625,2560,19,1,2.856199853284479e-05,0.00011211633682250977,True,1e-06
RK4,640,0.0015625,2560,20,2,1.4779807509915626e-05,5.0008296966552734e-05,True,1.0868335440780543e-06
RK4,640,0.0015625,2560,21,2,1.561216780024874e-05,5.328655242919922e-05,True,1e-06
RK4,640,0.0015625,2560,22,2,1.5551150132253147e-05,5.561113357543945e-05,True,1e-06
RK4,640,0.0015625,2560,23,2,9.457894998193668e-06,4.839897155761719e-05,True,1.2352563854491178e-06
RK4,640,0.0015625,2560,24,2,2.193192602417418e-05,0.00010251998901367188,True,1e-06
RK4,640,0.0015625,2560,25,2,1.1209117498155193e-05,3.68952751159668e-05,True,2.339793996620816e-06
RK4,640,0.0015625,2560,26,2,1.4841248676629943e-05,6.0617923736572266e-05,True,1e-06
RK4,640,0.0015625,2560,27,2,1.7126362983942374e-05,7.003545761108398e-05,True,1e-06
RK4,640,0.0015625,2560,28,2,6.657847137852876e-06,2.5272369384765625e-05,True,2.1685488822251237e-06
RK4,640,0.0015625,2560,29,2,6.592587269501501e-06,2.1338462829589844e-05,True,1e-06
RK4,640,0.0015625,2560,30,3,1.611891077375916e-05,6.306171417236328e-05,True,1.0251815674748809e-06
RK4,640,0.0015625,2560,31,3,1.010679841264211e-05,2.9802322387695312e-05,False,1.0058863599914548e-06
RK4,640,0.0015625,2560,32,3,1.137534699247227e-05,3.802776336669922e-05,True,1e-06
RK4,640,0.0015625,2560,33,3,9.277440387871951e-06,2.9921531677246094e-05,True,1.1038277689729205e-06
RK4,640,0.0015625,2560,34,3,5.629396500962189e-06,1.7583370208740234e-05,True,1.2764821486052176e-06
RK4,640,0.0015625,2560,35,3,1.2863087341391293e-05,4.0590763092041016e-05,True,2.024340481619809e-06
RK4,640,0.0015625,2560,36,3,1.2050288590533503e-05,5.555152893066406e-05,True,1e-06
RK4,640,0.0015625,2560,37,3,3.0448473602693454e-06,1.2040138244628906e-05,True,1e-06
RK4,640,0.0015625,2560,38,3,2.2253462738287536e-05,8.356571197509766e-05,True,1.062211266275174e-06
RK4,640,0.0015625,2560,39,3,1.214638165466788e-05,4.553794860839844e-05,True,1e-06
RK4,640,0.0015625,2560,40,4,2.3380560214462557e-05,8.624792098999023e-05,True,1e-06
RK4,640,0.0015625,2560,41,4,1.4518470756670628e-05,4.875659942626953e-05,True,1e-06
RK4,640,0.0015625,2560,42,4,1.6576901345893276e-05,4.988908767700195e-05,True,2.5928913806302533e-06
RK4,640,0.0015625,2560,43,4,2.1133447948130865e-05,8.106231689453125e-05,True,1e-06
RK4,640,0.0015625,2560,44,4,2.0006428657798135e-05,6.73532485961914e-05,True,1e-06
RK4,640,0.0015625,2560,45,4,1.1618103836278256e-05,4.273653030395508e-05,True,1.672302531494149e-06
RK4,640,0.0015625,2560,46,4,1.7576279449899967e-05,5.8770179748535156e-05,True,1e-06
RK4,640,0.0015625,2560,47,4,2.2902298464540797e-05,8.52346420288086e-05,True,1e-06
RK4,640,0.0015625,2560,48,4,1.4741882452071685e-05,5.316734313964844e-05,True,1e-06
RK4,640,0.0015625,2560,49,4,1.570634261385225e-05,5.4776668548583984e-05,True,1e-06
RK4,640,0.0015625,2560,50,5,1.8514420139657032e-05,7.474422454833984e-05,True,1.8178964562934237e-06
RK4,640,0.0015625,2560,51,5,2.4116601921996208e-05,9.036064147949219e-05,True,1e-06
RK4,640,0.0015625,2560,52,5,2.267674709189018e-05,7.796287536621094e-05,True,1e-06
RK4,640,0.0015625,2560,53,5,2.1441196420202592e-05,7.081031799316406e-05,True,1e-06
RK4,640,0.0015625,2560,54,5,2.3706440872010716e-05,0.0001131296157836914,True,1e-06
RK4,640,0.0015625,2560,55,5,8.092980253201132e-06,2.9385089874267578e-05,True,1e-06
RK4,640,0.0015625,2560,56,5,3.214056745466041e-06,1.2159347534179688e-05,True,1.4590741595977263e-06
RK4,640,0.0015625,2560,57,5,5.165636893987224e-06,1.7970800399780273e-05,True,1.2469731555051633e-06
RK4,640,0.0015625,2560,58,5,1.4075045696690238e-05,6.878376007080078e-05,True,1e-06
RK4,640,0.0015625,2560,59,5,4.292619610781278e-06,1.8149614334106445e-05,True,2.5425618519701875e-06
RK4,640,0.0015625,2560,60,6,5.870987888464095e-06,3.0547380447387695e-05,True,1.7914387306596396e-06
RK4,640,0.0015625,2560,61,6,3.5545680104132564e-06,1.3649463653564453e-05,True,1e-06
RK4,640,0.0015625,2560,62,6,1.9953296099417544e-05,5.65648078918457e-05,True,1e-06
RK4,640,0.0015625,2560,63,6,9.630615043311234e-06,3.230571746826172e-05,True,1.2142100713690488e-06
RK4,640,0.0015625,2560,64,6,2.1112094639611327e-05,7.987022399902344e-05,True,1.059778896784065e-06
RK4,640,0.0015625,2560,65,6,2.0522791521164032e-05,7.712841033935547e-05,True,1.0200925970424066e-06
RK4,640,0.0015625,2560,66,6,1.9845930591117847e-05,6.502866744995117e-05,True,1e-06
RK4,640,0.0015625,2560,67,6,1.6587152856059213e-05,5.3942203521728516e-05,True,1e-06
RK4,640,0.0015625,2560,68,6,1.544757102478913e-05,5.5849552154541016e-05,True,1e-06
RK4,640,0.0015625,2560,69,6,2.5566593175423225e-05,7.903575897216797e-05,True,1e-06
RK4,640,0.0015625,2560,70,7,1.255027381894263e-05,4.482269287109375e-05,True,1.002172487207418e-06
RK4,640,0.0015625,2560,71,7,7.371268810197147e-06,2.473592758178711e-05,True,1.3019912601984357e-06
RK4,640,0.0015625,2560,72,7,1.0097462637308264e-05,3.981590270996094e-05,True,1e-06
RK4,640,0.0015625,2560,73,7,1.1066881701605568e-05,3.7670135498046875e-05,True,1e-06
RK4,640,0.0015625,2560,74,7,1.4010540190659266e-05,4.673004150390625e-05,True,1e-06
RK4,640,0.0015625,2560,75,7,4.715290888529075e-06,1.5437602996826172e-05,False,1e-06
RK4,640,0.0015625,2560,76,7,2.4796133053618116e-05,8.529424667358398e-05,True,4.664503408117071e-06
RK4,640,0.0015625,2560,77,7,2.230113070666677e-05,7.987022399902344e-05,True,1e-06
RK4,640,0.0015625,2560,78,7,2.12492002160858e-05,8.96453857421875e-05,True,1e-06
RK4,640,0.0015625,2560,79,7,2.4923759776103538e-05,8.952617645263672e-05,True,1e-06
RK4,640,0.0015625,2560,80,8,1.77931769284176e-05,5.8531761169433594e-05,True,1e-06
RK4,640,0.0015625,2560,81,8,1.5737723894992305e-05,5.245208740234375e-05,True,1e-06
RK4,640,0.0015625,2560,82,8,1.684706374309586e-05,6.020069122314453e-05,True,1e-06
RK4,640,0.0015625,2560,83,8,1.3167642746482256e-05,5.0127506256103516e-05,True,1e-06
RK4,640,0.0015625,2560,84,8,3.912258250207218e-06,1.837313175201416e-05,True,1.465383478007093e-06
RK4,640,0.0015625,2560,85,8,2.7117880245984734e-06,2.658367156982422e-05,True,2.273783090272719e-06
RK4,640,0.0015625,2560,86,8,1.0978239282576792e-05,3.7670135498046875e-05,True,1e-06
RK4,640,0.0015625,2560,87,8,1.3406268855620746e-05,5.1975250244140625e-05,True,1e-06
RK4,640,0.0015625,2560,88,8,1.3509616466435801e-05,3.784894943237305e-05,True,2.2396403043488253e-06
RK4,640,0.0015625,2560,89,8,4.1950336668715685e-06,1.424551010131836e-05,True,1.223397610678078e-06
RK4,640,0.0015625,2560,90,9,4.953705933927674e-06,1.6570091247558594e-05,True,2.216658055858132e-06
RK4,640,0.0015625,2560,91,9,1.942873468543339e-05,7.545948028564453e-05,True,1e-06
RK4,640,0.0015625,2560,92,9,9.840595677309308e-06,2.956390380859375e-05,True,2.181670229268033e-06
RK4,640,0.0015625,2560,93,9,2.7648261075240094e-05,0.00010347366333007812,True,1e-06
RK4,640,0.0015625,2560,94,9,1.6299317925394172e-05,5.6862831115722656e-05,False,1e-06
RK4,640,0.0015625,2560,95,9,1.3566363397209599e-05,4.482269287109375e-05,True,1e-06
RK4,640,0.0015625,2560,96,9,9.607977175715556e-06,2.8908252716064453e-05,True,1.009288426726286e-06
RK4,640,0.0015625,2560,97,9,2.9981783319509242e-05,0.00011599063873291016,True,1e-06
RK4,640,0.0015625,2560,98,9,2.2729137495670186e-05,8.189678192138672e-05,True,1e-06
RK4,640,0.0015625,2560,99,9,2.284396798592418e-05,8.845329284667969e-05,True,1e-06
